image_name,cluster_label,pca_x,pca_y,tsne_x,tsne_y,distance_to_centroid
image_0001,1,-3.2874586907516656,-2.5842192755427984,1.74517,0.88178617,20.36266014104896
image_0002,1,-22.6367995117545,5.334892690033208,4.776208,-6.0535607,12.377110554495177
image_0003,1,-15.096667606864148,11.40779476759972,0.17091037,-4.7443023,20.165980288258744
image_0004,1,-29.57385290292562,-3.879637760089319,8.986712,-6.476519,12.94958803286735
image_0005,1,-15.575442489652065,1.8015341309629374,3.8021908,-3.6874115,11.880249390165337
image_0006,1,-7.386509395349333,-1.4583600686766722,2.9843974,0.59841317,18.247426642674984
image_0007,1,-34.105055478943086,-10.293231808308597,10.173608,-7.137608,19.800839304642945
image_0008,1,-7.180003234141138,-1.000422211862031,3.0450327,-1.526529,18.11499082215294
image_0009,1,-7.6166419143773245,-2.754776000608426,2.7723844,-0.78076106,17.534199887622577
image_0010,1,-39.35296717349173,1.506621048083466,8.861349,-9.063108,22.0910931529303
image_0011,1,-43.87275311985186,-1.2355321629629732,10.300647,-9.578424,27.960562127040724
image_0012,1,-9.8563649039171,-3.454407924699842,4.258462,-1.7480638,13.446739166390984
image_0013,1,-11.778579778579145,-2.79602252368422,4.241677,-1.8816842,14.212258068834366
image_0014,1,-30.982909490320125,9.442287797401693,6.1770782,-8.246449,17.353239170531914
image_0015,0,4.886143880503393,9.091103862052515,-3.995877,0.55349773,17.33756035859021
image_0016,1,-28.14151272420156,-2.7532754343067953,8.282202,-5.8466253,14.446040282605702
image_0017,1,-21.04200324070312,-8.477436628640694,7.3314457,-3.5653973,12.764679972974992
image_0018,1,-31.001887890013748,-3.9708406534577505,9.314394,-5.939195,17.596555945857503
image_0019,1,-20.263215753410748,6.059897554460242,5.0695515,-5.3220506,17.279193871618364
image_0020,1,-10.130898013103163,-1.5745490716627633,4.1032915,-1.2364206,16.95507355546679
image_0021,1,-18.434639215349396,5.141439015739222,3.288868,-5.108545,13.72707702418493
image_0022,0,-1.9346833318355792,-4.249727288623687,1.3702414,0.5778797,21.166659691390464
image_0023,0,8.220959963513884,-4.004913990475291,-2.6703448,4.5158997,12.393608394216482
image_0024,1,-19.269834851589597,2.0513974135841977,4.259401,-4.96724,12.15952491781398
image_0025,1,-28.883804133950537,8.002051171432965,6.9990106,-8.442482,17.85474455735058
image_0026,1,-18.221013103625566,1.0334377782682833,5.556186,-4.1143866,11.658402250925741
image_0027,1,-29.480695917869113,-10.776999643192026,10.451507,-6.1423492,18.719298790949576
image_0028,1,-20.172125383552157,-0.3455784813420139,7.035072,-4.231776,12.328957598583688
image_0029,1,-29.34408216935319,-10.3143553212963,9.913232,-6.6091537,16.2217634489918
image_0030,1,-11.895368031030065,-10.869702877213385,5.828179,-1.3807424,17.600143403742674
image_0031,0,-1.9649041515453731,-11.504799349221093,1.74316,4.3864665,23.680237997476652
image_0032,1,-32.469225410344386,-2.242197425720747,8.634946,-7.8230295,18.7966453427263
image_0033,1,-25.18316428576326,3.7755401543475364,6.2926188,-7.8315997,14.007893321878948
image_0034,1,-40.058525165594396,-3.5208735219902803,10.086536,-8.636507,22.755558199594983
image_0035,1,-30.901469813061965,-9.045985106771196,9.687141,-7.397356,18.739038895384198
image_0036,1,-41.18363546450628,-5.400298190079746,9.251126,-8.600864,24.42844828069697
image_0037,1,-29.610793232070893,-1.349147750276942,8.289962,-6.5754004,13.494925326326841
image_0038,1,-15.065978628970973,3.0054084807049892,5.181697,-3.8753407,12.411623171635455
image_0039,1,-23.625768765052086,5.927081028691971,4.895003,-6.7507057,13.998995081697517
image_0040,1,-37.22966780919667,-8.134055638785076,10.814879,-8.177407,22.842785948704645
image_0041,1,-24.185511472924,0.13922613660481745,6.556776,-7.32025,13.723579008739955
image_0042,1,-29.673207793727514,-2.982191059976573,8.466757,-7.370659,14.45849591534736
image_0043,1,-7.340373728362991,-6.052243911508555,3.1740644,0.8837824,20.32362045140328
image_0044,1,-18.276075895725185,-11.159494854943057,6.57006,-2.619881,14.409995957859067
image_0045,1,-16.075035535083146,-5.057130400165957,5.733189,-2.6948948,15.200904248317947
image_0046,1,-17.73286122302865,-9.148451069174575,6.3913693,-2.6089544,13.131492691324041
image_0047,1,-34.45901594958985,-9.348660364106237,10.713313,-7.2270203,21.527662887217275
image_0048,1,-20.5899847621249,2.810310667919934,5.755151,-4.8156486,13.136443143783513
image_0049,1,-37.79581698509649,-5.739288068023278,10.095676,-8.012035,20.48280743681926
image_0050,1,-38.67825735817076,-2.864976817149381,9.760809,-8.201093,20.99911271620014
image_0051,0,10.314875704120384,7.195094917470331,-4.5456457,1.8181956,15.728630132693308
image_0052,0,25.613470491814688,19.521498191948492,-7.924677,1.6822109,24.54320477266275
image_0053,0,19.39533890607879,9.348781130005118,-6.7956233,2.3693526,14.70926522344315
image_0054,0,14.954134603975504,23.838229575850708,-6.668375,0.6375432,25.825219183146274
image_0055,0,1.0727405971154618,15.92961426100461,-4.575531,-2.141256,24.476730145771704
image_0056,0,6.994494028595053,6.265815115011486,-3.5911274,1.478402,15.19758199799703
image_0057,0,7.148717879180875,1.3203389796802845,-2.3706548,2.804573,15.784366185101636
image_0058,0,20.356135467568958,17.19749819312672,-7.365572,1.6076939,20.38341911907698
image_0059,0,8.237323774396794,4.457342948087271,-2.9898314,1.7444179,12.258454977426647
image_0060,0,2.273772694028081,14.589500469499836,-4.5432825,-2.0578592,22.139279489129933
image_0061,0,7.9787347253841,1.8407642471246943,-1.5165061,3.1251702,15.255221290095273
image_0062,0,2.006448190041558,11.311706579204227,-2.7838223,-0.67889464,22.336364430417248
image_0063,0,-1.312085269663505,15.966219660171829,-3.749193,-2.8435888,26.26303418400682
image_0064,0,3.7475554873979275,13.479038761823816,-6.458408,-1.7621639,23.961008155795177
image_0065,0,15.809437587773118,13.797100835673533,-7.753283,-0.41258058,22.104725203913414
image_0066,1,-5.345528868211023,19.425882286004427,-2.8959565,-3.4853783,27.82763909161735
image_0067,0,1.430416744309235,12.03920802567553,-3.5229511,-1.508881,21.678843434754626
image_0068,0,7.279326298505926,15.417346932154514,-5.2021112,-0.7394114,20.069682965532223
image_0069,0,6.650512608195082,17.110160543505085,-4.790317,-0.76591796,20.904795918657186
image_0070,0,11.653192808545876,10.867572927371713,-5.2983317,1.2166697,15.215223365583547
image_0071,0,17.667707044614268,-0.6279008052049012,-4.091524,6.6432843,11.672796226294295
image_0072,0,6.99967551835062,-2.419418983541912,-1.4797062,3.785331,13.786850430810485
image_0073,0,18.84008947439867,13.698583851138206,-6.4891963,1.7627729,20.211189068724604
image_0074,0,6.170615626045602,5.751355402975739,-3.0881436,0.6538157,14.608296437881735
image_0075,1,-9.485673377482176,0.8069693342011676,3.502249,-1.9574488,16.11513818142773
image_0076,0,8.455054355952468,-10.808409516502426,-0.6506229,6.280083,16.312076245099718
image_0077,0,16.083413642930346,-15.224067340636852,-0.5939829,7.9345665,23.246825359734334
image_0078,0,40.984368001017536,6.453362292272677,-8.064908,10.560765,29.649411438663908
image_0079,0,23.500986443486457,-8.231883060848405,-4.6349096,8.038755,16.517215083109402
image_0080,0,0.6342220608987174,-3.5678289855860887,0.99320203,1.1966125,19.32648344396066
image_0081,0,16.628015343481636,-12.32042421760554,-2.4740574,8.609254,18.250313669821928
image_0082,0,33.13375072523961,-4.714084657637408,-5.6557484,11.620131,23.16771801028378
image_0083,0,14.961854269344007,-12.54803800895282,-1.908698,7.6760035,15.990735019856839
image_0084,0,49.14475631369731,4.644373926118801,-8.490779,11.638407,40.071420130065356
image_0085,0,24.920553209669507,-2.2954157303968734,-4.4648743,11.364827,16.82018691375538
image_0086,0,23.55712743895781,-1.6285282334908526,-4.40494,9.496457,18.797008563357235
image_0087,0,6.700557772908147,-13.741456065219156,0.6471315,6.5600944,21.847946295297373
image_0088,0,19.148183316688655,-3.339561923676793,-1.9465274,6.5270553,17.857765071732498
image_0089,0,40.0697059034273,2.6801294195345027,-7.870046,10.42834,28.35321922033903
image_0090,0,18.136877610105778,-15.634516376091591,-1.3595332,7.740471,19.697570469170536
image_0091,0,41.16410053133941,0.5989091608731927,-7.698796,11.41206,29.60495920002498
image_0092,0,3.985013940353191,-8.242031926588265,-2.5696008,4.6220465,21.04637538508105
image_0093,0,17.424599411948353,-6.701088425208243,-2.958518,8.242832,12.434127567325854
image_0094,0,9.216631245901503,-2.428374662229256,-1.5034071,3.829542,14.146502748198145
image_0095,0,17.99918373309953,-3.689168532649283,-2.7122183,6.962788,13.465361854522467
image_0096,0,35.18155826714413,-4.6995382264508585,-6.1717196,11.045902,21.898833862261938
image_0097,0,6.640893103878096,-8.616536387787889,-0.4299439,5.6653953,16.955668784360572
image_0098,0,29.069303989653015,-10.038979024042558,-4.8382125,9.92409,23.877079514378195
image_0099,0,6.316862297281775,2.027645959465317,-1.4488269,1.8966472,15.622950140250532
image_0100,0,22.695852749667157,-14.812766800779002,-3.2523506,9.251846,19.486011031027157
image_0101,1,-20.868277016034334,-6.630323356328296,8.746136,-2.7027485,19.56300323142953
image_0102,0,16.81571216722713,-9.583560294078122,-4.0001183,7.58104,16.02657806042138
image_0103,1,-17.47198413315847,-4.205656591279236,7.428442,-3.1838357,13.27979083864987
image_0104,1,-2.9597518546733914,10.815072995206517,-0.61275923,-1.9601321,25.070569029651086
image_0105,1,-22.993345582029324,-3.609586088006484,6.772743,-4.9791284,14.242139136690456
image_0106,0,-1.413756432331159,8.306285526261833,-2.2077649,-1.5590899,21.577586259611746
image_0107,0,0.5106265232785945,3.7302157403224676,-1.3988143,0.021008335,19.163078850201128
image_0108,1,-24.45529604287898,4.698246552070531,6.731725,-6.5402794,13.222973150347359
image_0109,1,-4.3774790556331755,3.3046202202720147,-0.04678992,-0.69144267,21.940360809517568
image_0110,1,-13.46229994633763,5.514705179503164,2.6609657,-3.7356865,15.17114468037939
image_0111,1,-28.685237828652237,1.3148012735177905,7.3046927,-6.861829,12.956980472799842
image_0112,1,-14.773201877736001,-9.287737911887737,6.6395087,-1.2737503,16.690808724152014
image_0113,1,-7.587911671599886,-12.158991578552662,4.9111714,-0.16761225,21.223856226113966
image_0114,1,-25.25165222620142,1.4509823833672815,9.224607,-3.969605,16.502432920689586
image_0115,1,-19.43368020932162,-2.815627336820853,6.1528254,-3.6397705,8.674053974226855
image_0116,1,-23.920261105817488,10.640151227294906,5.8532653,-6.806198,16.431626236606103
image_0117,1,-25.489932477361467,-3.9883590496845422,8.138741,-4.9230514,12.935649503626014
image_0118,0,0.021217797456877928,7.199485997849033,-2.0667295,-0.2668444,18.67694926965875
image_0119,1,-31.64630980363106,-15.132516535855801,11.182925,-5.3756948,25.898982981636937
image_0120,1,-30.521685668168843,0.045864018822573537,7.704114,-8.749421,19.86747179400871
image_0121,1,-16.037011820271246,1.1771624265934308,4.2579412,-4.558922,12.095355466893322
image_0122,1,-21.65021207136629,-4.788448837049359,7.7818694,-4.096379,12.12195090045613
image_0123,1,-24.37551017777939,-5.346191976270072,8.664031,-4.6556816,15.177684763857458
image_0124,1,-34.110828755512614,2.0706846618034755,10.198545,-4.5823846,21.198266595370633
image_0125,1,-27.742866362704724,6.251088634185657,6.9749417,-5.6454263,20.230879939804037
image_0126,0,20.438622568536413,-10.048696707937937,-4.764331,7.1367936,19.289181464987692
image_0127,0,14.97806493802276,-2.102904034417968,-5.22075,5.9501,15.292214129840708
image_0128,0,13.476369018802043,-8.662864749016556,-1.1643645,7.0622277,15.7627997560576
image_0129,0,4.908590122271703,-19.40342825265147,1.9732699,5.7395616,27.093299643348885
image_0130,0,25.24708670944643,-9.268812011835008,-4.638976,8.26479,20.573454010344104
image_0131,0,22.823882851865303,-0.9194746606890014,-5.4652987,7.5529323,13.62045427776878
image_0132,0,15.92802979978348,-11.253191377906214,-2.8853273,8.934621,17.026849761916917
image_0133,0,19.335275287670854,-22.20961705119194,-1.7804953,9.80394,26.644182260053118
image_0134,0,32.58321108733397,-6.4853930099581945,-6.5878873,9.377526,28.022407825527097
image_0135,0,25.119205455795385,-8.927896190231014,-6.0428405,8.886975,21.219045073533792
image_0136,0,35.32968233636234,-6.885146590859761,-6.030281,11.684906,25.00070433276348
image_0137,0,38.47725709126994,-3.7384889292100794,-6.895429,10.705187,27.69515460736784
image_0138,0,29.73722164273505,-10.561289255312069,-5.3193736,10.4153,21.586959615607867
image_0139,0,38.08338106442154,-10.721815384518921,-6.738316,11.586069,28.978580248034664
image_0140,0,43.335320513292494,-12.901174431358106,-6.519996,12.805265,37.178890460306754
image_0141,0,32.66421536267188,-17.30792310314029,-5.1153955,10.399802,26.9706906445202
image_0142,0,4.011250860981977,-12.413294744745867,-0.120182544,5.2268004,22.020805207518684
image_0143,0,43.42037914364949,-9.041939275587259,-6.6386023,12.468981,32.71919868477224
image_0144,0,4.557983439151375,-17.08924203124621,1.3650594,5.193014,22.248699603093836
image_0145,0,11.644026374208767,-0.32347629362802216,-5.626075,5.4163547,17.368776624719256
image_0146,0,29.007387661684643,-7.5956799351492075,-5.673606,9.707996,21.477311904529127
image_0147,0,16.331580031944206,-18.318253364088434,-2.2683382,9.39677,21.87775744934345
image_0148,0,-1.8742491892269713,-8.995230668639698,2.954318,1.7987679,26.25693456244251
image_0149,0,19.111501456633185,-5.835427250232132,-3.7470117,7.424857,10.792174625235932
image_0150,0,1.5675734262393186,-13.768040314217481,1.4693383,4.891453,21.7477099565721
image_0151,1,-7.848415707929292,4.353707703771634,1.8465024,-2.848355,17.810137632184862
image_0152,0,5.593524464636882,-12.649475730175237,0.64004004,6.2428684,22.448363930900715
image_0153,0,1.211082908244508,12.936456703762024,-3.2169702,-2.1795368,23.096337817217016
image_0154,0,3.9949427080023554,8.485630733006865,-3.068519,-0.34377217,17.055899776189634
image_0155,0,11.965979798573764,-1.5778027794974676,-4.8675046,4.9281135,15.29383962560327
image_0156,0,43.590201159192496,13.200998033816996,-8.945217,10.384762,35.16233528601818
image_0157,1,-19.582265903806135,1.934770337151297,3.661076,-6.8440247,18.341847832475324
image_0158,1,-13.421317686422958,10.148650854183717,2.1305408,-5.245294,20.983093209083734
image_0159,0,25.286379725159357,3.661270397144899,-7.4649005,7.6538467,16.88805487245381
image_0160,0,17.033554943704747,16.706800767122772,-7.855081,0.4961695,20.43253164511338
image_0161,0,10.568432215376117,8.983968566268798,-4.5174046,0.7236328,16.026149500268716
image_0162,0,8.52542329392081,11.527617867313463,-4.4313817,-0.016622808,17.74829650389135
image_0163,0,29.23441327854755,23.809235026606796,-8.688832,1.6462706,31.911531087220663
image_0164,0,12.91227452627149,-5.049419419763376,-3.8462396,5.247779,15.422974211179424
image_0165,1,-12.325248686661663,9.701680741053018,1.9712663,-4.856902,19.19791581916487
image_0166,0,1.5127212312668932,17.455753285678444,-6.8828807,-2.4249246,29.772530452492152
image_0167,1,-5.548730823753474,-0.9805577550714089,1.844616,-1.9516149,24.877733308917737
image_0168,0,17.253460271316523,22.223705395093635,-7.6061306,0.6440848,24.13720039938461
image_0169,0,4.635439928619734,17.54533278739297,-4.3835626,-1.3737843,23.315204392615627
image_0170,1,-6.086261832917061,12.018177056072755,-2.3967304,-2.9487276,23.13807796050934
image_0171,0,8.521045795441488,2.8234147106743537,-3.6292589,3.7308648,15.127400054497706
image_0172,0,15.631220854429078,6.919251104458868,-5.1118383,2.5343468,11.041220416974856
image_0173,0,21.726902571752095,-0.3366531369566804,-7.3741164,7.365437,18.170218091325843
image_0174,0,9.093503258450253,-5.296308361502978,-1.0531409,5.2584453,13.102649682982708
image_0175,1,-8.249177632504301,8.29589736076326,-0.46042356,-3.5380483,18.200186412314874
image_0176,1,-10.439474120413918,18.898790074274714,-2.2277575,-3.935791,23.55508485082212
image_0177,0,2.943129968318794,10.283632419163094,-3.8774433,-0.5791883,20.638616260209947
image_0178,0,7.302946052735405,-0.18782257528645196,-3.8231027,4.091863,20.205615361059373
image_0179,0,6.306922644566861,14.489123834348177,-6.7240334,-1.9383101,22.12370175821644
image_0180,0,10.17376503872024,3.6498551651412785,-3.7726884,2.3522346,10.909814420108159
image_0181,0,0.5295037476274758,0.7113791741200985,-1.0673201,0.63029504,17.05420765573754
image_0182,0,27.837424174095347,-3.3305084390326094,-6.0753336,9.987665,17.193109572700976
image_0183,1,-3.505373383035071,-1.9054482216868927,1.3673313,-0.67164826,21.96712668645659
image_0184,0,17.672184885920153,9.918096112110794,-5.694636,2.1649187,16.322888603275334
image_0185,1,-9.106942478478475,9.000865465793453,0.01115646,-2.3366764,20.696042395871473
