image_name,source_file,model,roi,cluster_label,pca_x,pca_y,tsne_x,tsne_y,distance_to_centroid
image_001.png,murtylab_efficient_net_nsd_1000_ppa_20260410230414513Z.csv,efficient_net,ppa,0,-10.452265424285935,0.1395224351879524,-4.9467983,1.8082902,5.929328794203191
image_002.png,murtylab_efficient_net_nsd_1000_ppa_20260410230414513Z.csv,efficient_net,ppa,0,-17.8061057518453,-4.451397395545415,-9.226451,2.0961223,8.262739933173384
image_003.png,murtylab_efficient_net_nsd_1000_ppa_20260410230414513Z.csv,efficient_net,ppa,0,-17.51675331409753,-8.513813274183653,-8.916911,2.3874447,10.08345559798193
image_004.png,murtylab_efficient_net_nsd_1000_ppa_20260410230414513Z.csv,efficient_net,ppa,0,-32.34243317491851,-2.0625622429004338,-13.028751,-1.9218111,17.43608580657148
image_005.png,murtylab_efficient_net_nsd_1000_ppa_20260410230414513Z.csv,efficient_net,ppa,0,-25.669918884470576,-3.4400582340660684,-11.33006,-0.40613976,11.170438872818707
image_006.png,murtylab_efficient_net_nsd_1000_ppa_20260410230414513Z.csv,efficient_net,ppa,0,-31.4118653387967,0.8953399185459865,-12.534618,-2.4230719,16.11414289286582
image_007.png,murtylab_efficient_net_nsd_1000_ppa_20260410230414513Z.csv,efficient_net,ppa,0,-41.37191715400513,4.237744513746206,-14.374197,-3.6480103,26.330846683812123
image_008.png,murtylab_efficient_net_nsd_1000_ppa_20260410230414513Z.csv,efficient_net,ppa,0,-13.488524899202266,1.7195761521065713,-5.9310436,0.9531492,4.624894721845376
image_009.png,murtylab_efficient_net_nsd_1000_ppa_20260410230414513Z.csv,efficient_net,ppa,0,-26.87426863802365,-6.8641408872966725,-12.313128,0.05864699,14.051189116521535
image_010.png,murtylab_efficient_net_nsd_1000_ppa_20260410230414513Z.csv,efficient_net,ppa,0,-22.232644794262125,2.0620089469747755,-8.67073,-1.081578,7.725184190510485
image_011.png,murtylab_efficient_net_nsd_1000_ppa_20260410230414513Z.csv,efficient_net,ppa,0,-19.72802105977819,-0.6588807967764592,-8.358692,-0.13794254,5.347174031883009
image_012.png,murtylab_efficient_net_nsd_1000_ppa_20260410230414513Z.csv,efficient_net,ppa,0,-12.091070911758013,-2.6714271782880035,-6.41183,1.9098214,5.474331956064377
image_013.png,murtylab_efficient_net_nsd_1000_ppa_20260410230414513Z.csv,efficient_net,ppa,0,-7.193450682476989,0.5379534924078081,-1.26495,-0.5692831,9.518445650873877
image_014.png,murtylab_efficient_net_nsd_1000_ppa_20260410230414513Z.csv,efficient_net,ppa,0,-15.735004475064159,-6.246024339830372,-7.943389,2.229118,8.234527869227923
image_015.png,murtylab_efficient_net_nsd_1000_ppa_20260410230414513Z.csv,efficient_net,ppa,0,-34.90807547722127,6.566865440111812,-13.164086,-3.667418,20.3474265946259
image_016.png,murtylab_efficient_net_nsd_1000_ppa_20260410230414513Z.csv,efficient_net,ppa,0,-14.735124985813009,-4.181056221408869,-7.561928,2.0776467,6.7669352677872645
image_017.png,murtylab_efficient_net_nsd_1000_ppa_20260410230414513Z.csv,efficient_net,ppa,0,-26.43558360334647,-4.173501043355924,-11.706801,-0.3557912,12.626035115095553
image_018.png,murtylab_efficient_net_nsd_1000_ppa_20260410230414513Z.csv,efficient_net,ppa,0,-25.53615031569971,-3.8520491505414665,-11.210257,-0.39864984,11.10398862598367
image_019.png,murtylab_efficient_net_nsd_1000_ppa_20260410230414513Z.csv,efficient_net,ppa,0,-11.317852862832282,-2.9478626386456206,-6.084607,2.2078476,6.033799618945364
image_020.png,murtylab_efficient_net_nsd_1000_ppa_20260410230414513Z.csv,efficient_net,ppa,0,-14.229586306742895,-3.09921987042756,-6.9488997,1.8809447,4.961107297489801
image_021.png,murtylab_efficient_net_nsd_1000_ppa_20260410230414513Z.csv,efficient_net,ppa,0,-15.12474762594805,11.473342108249454,-4.7830358,-1.4617877,11.209137613116326
image_022.png,murtylab_efficient_net_nsd_1000_ppa_20260410230414513Z.csv,efficient_net,ppa,0,-2.8915663018316153,-6.800921128374654,2.0421882,-1.4859148,15.44655134455471
image_023.png,murtylab_efficient_net_nsd_1000_ppa_20260410230414513Z.csv,efficient_net,ppa,0,-0.6976036340519193,-0.9423245483123278,1.8253517,-0.40018362,16.19069008378012
image_024.png,murtylab_efficient_net_nsd_1000_ppa_20260410230414513Z.csv,efficient_net,ppa,0,-40.973643887533925,-0.13453171506788478,-14.914805,-3.0353682,25.7308682650434
image_025.png,murtylab_efficient_net_nsd_1000_ppa_20260410230414513Z.csv,efficient_net,ppa,0,-35.949209509063955,-1.499479926040771,-13.853458,-2.4846115,20.71686889710709
image_026.png,murtylab_efficient_net_nsd_1000_ppa_20260410230414513Z.csv,efficient_net,ppa,0,-27.74076024141949,1.3038271653797535,-11.34439,-1.9911,12.480547470596216
image_027.png,murtylab_efficient_net_nsd_1000_ppa_20260410230414513Z.csv,efficient_net,ppa,0,-21.309533122482215,-1.2558842671928427,-9.326681,-0.24559756,6.706242817907143
image_028.png,murtylab_efficient_net_nsd_1000_ppa_20260410230414513Z.csv,efficient_net,ppa,0,-39.82561478211149,-0.7448069767791027,-14.701528,-2.7725832,24.423135108394593
image_029.png,murtylab_efficient_net_nsd_1000_ppa_20260410230414513Z.csv,efficient_net,ppa,0,-33.36994519559083,-13.288376713313449,-14.895174,0.26656792,23.139829906444913
image_030.png,murtylab_efficient_net_nsd_1000_ppa_20260410230414513Z.csv,efficient_net,ppa,0,-38.95527012807142,-12.12040931297358,-15.847054,-0.609853,26.906386995591816
image_031.png,murtylab_efficient_net_nsd_1000_ppa_20260410230414513Z.csv,efficient_net,ppa,0,-24.002123635330594,-5.294927035803168,-11.197317,0.93782854,12.139535168385528
image_032.png,murtylab_efficient_net_nsd_1000_ppa_20260410230414513Z.csv,efficient_net,ppa,0,-30.509763378610547,-9.186041183124868,-13.908553,0.02779906,18.154827875231906
image_033.png,murtylab_efficient_net_nsd_1000_ppa_20260410230414513Z.csv,efficient_net,ppa,0,-35.54995997847601,-12.576947787356694,-15.237356,0.029189589,24.09764059955431
image_034.png,murtylab_efficient_net_nsd_1000_ppa_20260410230414513Z.csv,efficient_net,ppa,0,-33.75586096131311,-7.3463528898836215,-14.181571,-0.7393633,20.099171609677857
image_035.png,murtylab_efficient_net_nsd_1000_ppa_20260410230414513Z.csv,efficient_net,ppa,0,-35.07189488273355,-8.530759308685882,-15.017656,-0.7365343,22.510753263970287
image_036.png,murtylab_efficient_net_nsd_1000_ppa_20260410230414513Z.csv,efficient_net,ppa,0,-34.707967338680014,-6.387145926382538,-14.623608,-1.1130171,20.96176646306435
image_037.png,murtylab_efficient_net_nsd_1000_ppa_20260410230414513Z.csv,efficient_net,ppa,0,-35.35298700160012,-6.121579179366483,-14.970565,-1.3392582,21.70704736033284
image_038.png,murtylab_efficient_net_nsd_1000_ppa_20260410230414513Z.csv,efficient_net,ppa,0,-10.877461799093536,-5.085855796442791,-6.4617476,2.962741,9.677393474784378
image_039.png,murtylab_efficient_net_nsd_1000_ppa_20260410230414513Z.csv,efficient_net,ppa,0,-22.43892743810349,2.606256098581127,-8.714334,-1.3073266,7.769851970941682
image_040.png,murtylab_efficient_net_nsd_1000_ppa_20260410230414513Z.csv,efficient_net,ppa,0,-29.66084283967594,-6.355563670645954,-12.955266,-0.6222492,16.6384681766253
image_041.png,murtylab_efficient_net_nsd_1000_ppa_20260410230414513Z.csv,efficient_net,ppa,0,-20.00384357272891,-3.304197223778638,-9.4133835,0.7579147,7.40505137803718
image_042.png,murtylab_efficient_net_nsd_1000_ppa_20260410230414513Z.csv,efficient_net,ppa,0,-34.38612201724365,-3.2109969227914963,-13.981318,-1.7092043,20.165039770031154
image_043.png,murtylab_efficient_net_nsd_1000_ppa_20260410230414513Z.csv,efficient_net,ppa,0,-18.403356064141477,-5.754757561845267,-9.283413,1.1826137,9.756667039209903
image_044.png,murtylab_efficient_net_nsd_1000_ppa_20260410230414513Z.csv,efficient_net,ppa,0,-18.926826574930598,-11.079595390464918,-10.02634,2.6234019,14.056912580112227
image_045.png,murtylab_efficient_net_nsd_1000_ppa_20260410230414513Z.csv,efficient_net,ppa,0,-26.76019496654409,-18.025019822313446,-14.206447,1.3285631,22.192036160438015
image_046.png,murtylab_efficient_net_nsd_1000_ppa_20260410230414513Z.csv,efficient_net,ppa,0,-37.32164945660089,-10.254446798321919,-15.520926,-0.79066133,24.831217165468203
image_047.png,murtylab_efficient_net_nsd_1000_ppa_20260410230414513Z.csv,efficient_net,ppa,0,-17.691464288725125,-11.020071237970765,-9.854247,2.6352425,13.38084465498461
image_048.png,murtylab_efficient_net_nsd_1000_ppa_20260410230414513Z.csv,efficient_net,ppa,0,-29.931042385061666,-7.460213075770586,-13.416052,-0.17969719,17.248963198604965
image_049.png,murtylab_efficient_net_nsd_1000_ppa_20260410230414513Z.csv,efficient_net,ppa,0,-44.95435976293859,-7.2605909539386015,-16.094439,-1.9332776,30.836092718977405
image_050.png,murtylab_efficient_net_nsd_1000_ppa_20260410230414513Z.csv,efficient_net,ppa,0,-35.033693215173194,-3.087136247158673,-14.404032,-1.8466696,20.356971581865146
image_051.png,murtylab_efficient_net_nsd_1000_ppa_20260410230414513Z.csv,efficient_net,ppa,0,6.755854259504976,9.601750395732207,4.039259,3.7584555,24.25473377267582
image_052.png,murtylab_efficient_net_nsd_1000_ppa_20260410230414513Z.csv,efficient_net,ppa,0,-1.775248953795682,11.946450704029317,0.1435061,3.340252,17.990315697112376
image_053.png,murtylab_efficient_net_nsd_1000_ppa_20260410230414513Z.csv,efficient_net,ppa,1,14.974898304663474,12.30035217350117,6.7248974,4.0239587,20.733281418712608
image_054.png,murtylab_efficient_net_nsd_1000_ppa_20260410230414513Z.csv,efficient_net,ppa,0,-7.915846484991393,14.355680288988601,-1.6660807,3.1032603,16.254815609607288
image_055.png,murtylab_efficient_net_nsd_1000_ppa_20260410230414513Z.csv,efficient_net,ppa,0,-2.0278431150814957,6.892121936968977,0.6422072,2.4939928,16.15554861958161
image_056.png,murtylab_efficient_net_nsd_1000_ppa_20260410230414513Z.csv,efficient_net,ppa,0,6.628495258876051,9.489743516350291,3.7074568,3.6440313,24.096809536302384
image_057.png,murtylab_efficient_net_nsd_1000_ppa_20260410230414513Z.csv,efficient_net,ppa,0,-8.763640107415974,6.831336290169419,-2.635893,1.4095175,10.004603854070584
image_058.png,murtylab_efficient_net_nsd_1000_ppa_20260410230414513Z.csv,efficient_net,ppa,0,0.8407890526933484,7.844535202838568,1.5162641,2.9010806,18.37449767404823
image_059.png,murtylab_efficient_net_nsd_1000_ppa_20260410230414513Z.csv,efficient_net,ppa,1,8.223768687001124,4.395049482109234,4.7168713,2.4870377,23.06718863057519
image_060.png,murtylab_efficient_net_nsd_1000_ppa_20260410230414513Z.csv,efficient_net,ppa,0,3.3921187433507756,4.934103671146239,3.040785,2.113464,19.931904599956923
image_061.png,murtylab_efficient_net_nsd_1000_ppa_20260410230414513Z.csv,efficient_net,ppa,0,0.98062051733099,-5.06009633085182,3.6853108,-1.2884455,18.067130042468946
image_062.png,murtylab_efficient_net_nsd_1000_ppa_20260410230414513Z.csv,efficient_net,ppa,0,-6.119309990883887,10.382868943381096,-1.1508592,2.4314768,13.623573324214593
image_063.png,murtylab_efficient_net_nsd_1000_ppa_20260410230414513Z.csv,efficient_net,ppa,0,-23.55733557113106,6.424947753342446,-7.366199,-2.192063,10.332699194323332
image_064.png,murtylab_efficient_net_nsd_1000_ppa_20260410230414513Z.csv,efficient_net,ppa,0,0.1364415002763815,7.644018654805899,1.3640041,2.3108768,17.562453154917968
image_065.png,murtylab_efficient_net_nsd_1000_ppa_20260410230414513Z.csv,efficient_net,ppa,1,27.41411641208026,9.368300191375043,9.218243,3.5813637,11.777788095765384
image_066.png,murtylab_efficient_net_nsd_1000_ppa_20260410230414513Z.csv,efficient_net,ppa,1,14.30696044865085,14.489364020206983,6.219536,4.4924097,23.810897467346425
image_067.png,murtylab_efficient_net_nsd_1000_ppa_20260410230414513Z.csv,efficient_net,ppa,0,0.23856297154683373,4.607289067004165,1.8903058,1.7683342,16.40383675556371
image_068.png,murtylab_efficient_net_nsd_1000_ppa_20260410230414513Z.csv,efficient_net,ppa,1,22.59240429811848,9.282240241868408,8.457059,3.6780672,13.516323274413367
image_069.png,murtylab_efficient_net_nsd_1000_ppa_20260410230414513Z.csv,efficient_net,ppa,1,9.716080035328758,7.131991970112855,5.0289874,3.2412133,22.49906669537894
image_070.png,murtylab_efficient_net_nsd_1000_ppa_20260410230414513Z.csv,efficient_net,ppa,0,-9.725060306937747,4.729101557619649,-3.1890256,1.0915855,7.837189817682835
image_071.png,murtylab_efficient_net_nsd_1000_ppa_20260410230414513Z.csv,efficient_net,ppa,0,2.7090276837138227,-2.343315073117641,3.8882885,-0.38863996,19.274073812009945
image_072.png,murtylab_efficient_net_nsd_1000_ppa_20260410230414513Z.csv,efficient_net,ppa,1,20.75554034663167,6.171426901572919,8.226094,3.2025115,12.48088069688761
image_073.png,murtylab_efficient_net_nsd_1000_ppa_20260410230414513Z.csv,efficient_net,ppa,0,-10.267591702464852,7.250585252372297,-3.0150075,0.6270863,9.075156474557675
image_074.png,murtylab_efficient_net_nsd_1000_ppa_20260410230414513Z.csv,efficient_net,ppa,1,11.77275334443009,0.07051582087644387,6.1198425,1.6427752,18.79848197479214
image_075.png,murtylab_efficient_net_nsd_1000_ppa_20260410230414513Z.csv,efficient_net,ppa,0,1.199754177452738,4.06785177654182,2.2694874,1.7039734,17.304422264569393
image_076.png,murtylab_efficient_net_nsd_1000_ppa_20260410230414513Z.csv,efficient_net,ppa,1,34.61151872130914,-2.8034869988217492,13.419276,0.67753124,7.625526008912004
image_077.png,murtylab_efficient_net_nsd_1000_ppa_20260410230414513Z.csv,efficient_net,ppa,1,30.796534894373192,-16.082537891923543,12.219231,-0.47429162,15.79589581493771
image_078.png,murtylab_efficient_net_nsd_1000_ppa_20260410230414513Z.csv,efficient_net,ppa,1,25.985127940751546,-11.173642020189849,11.128152,-0.18254454,11.737683364306076
image_079.png,murtylab_efficient_net_nsd_1000_ppa_20260410230414513Z.csv,efficient_net,ppa,1,14.141577048685251,-4.721037271817826,8.420325,0.26897156,17.27026853284765
image_080.png,murtylab_efficient_net_nsd_1000_ppa_20260410230414513Z.csv,efficient_net,ppa,1,18.069146005671286,-6.487743744397306,9.2091055,0.014723233,14.230001128770093
image_081.png,murtylab_efficient_net_nsd_1000_ppa_20260410230414513Z.csv,efficient_net,ppa,1,52.89861279515068,0.9274678490775687,17.318346,1.9425281,24.08257676221531
image_082.png,murtylab_efficient_net_nsd_1000_ppa_20260410230414513Z.csv,efficient_net,ppa,1,17.097447033418884,-13.867384670669578,9.221888,-1.1911472,18.46940192008992
image_083.png,murtylab_efficient_net_nsd_1000_ppa_20260410230414513Z.csv,efficient_net,ppa,1,54.95140202898602,-1.7807645881349592,17.469034,0.9508999,25.84803227148694
image_084.png,murtylab_efficient_net_nsd_1000_ppa_20260410230414513Z.csv,efficient_net,ppa,1,31.15001250459567,-3.67550188044627,12.828707,1.1238823,4.400036726716798
image_085.png,murtylab_efficient_net_nsd_1000_ppa_20260410230414513Z.csv,efficient_net,ppa,1,20.084202186074897,-5.802820738911278,9.7876425,0.25235143,12.60831311156277
image_086.png,murtylab_efficient_net_nsd_1000_ppa_20260410230414513Z.csv,efficient_net,ppa,1,12.589331207195237,5.5414771935877445,6.1731396,3.0515113,20.093821678477603
image_087.png,murtylab_efficient_net_nsd_1000_ppa_20260410230414513Z.csv,efficient_net,ppa,1,12.633703730757745,0.44228964667365206,6.602851,2.0050268,18.28762410724508
image_088.png,murtylab_efficient_net_nsd_1000_ppa_20260410230414513Z.csv,efficient_net,ppa,1,22.16460873034096,-3.027512248227452,10.103262,1.1869993,9.455231825053204
image_089.png,murtylab_efficient_net_nsd_1000_ppa_20260410230414513Z.csv,efficient_net,ppa,1,38.910740735686836,-9.148673485642975,14.254521,0.55314434,11.570202080532521
image_090.png,murtylab_efficient_net_nsd_1000_ppa_20260410230414513Z.csv,efficient_net,ppa,1,38.26152181423165,-7.211229024681421,14.249759,1.3008994,10.108028956440641
image_091.png,murtylab_efficient_net_nsd_1000_ppa_20260410230414513Z.csv,efficient_net,ppa,1,55.200288779674416,2.3392707651543048,17.702196,1.7475609,26.432079520986246
image_092.png,murtylab_efficient_net_nsd_1000_ppa_20260410230414513Z.csv,efficient_net,ppa,0,-5.422907407764137,-8.240711006001918,3.0085452,-2.3769524,16.27426463069965
image_093.png,murtylab_efficient_net_nsd_1000_ppa_20260410230414513Z.csv,efficient_net,ppa,1,48.60789714203641,0.22177460891546855,16.634464,1.7596667,20.038365095006267
image_094.png,murtylab_efficient_net_nsd_1000_ppa_20260410230414513Z.csv,efficient_net,ppa,1,48.460823531596866,1.5348224862423205,16.431255,1.309758,19.3462433477919
image_095.png,murtylab_efficient_net_nsd_1000_ppa_20260410230414513Z.csv,efficient_net,ppa,1,42.30753928472827,2.533894597406883,15.974361,1.9105399,14.096926696502894
image_096.png,murtylab_efficient_net_nsd_1000_ppa_20260410230414513Z.csv,efficient_net,ppa,1,42.05324162041813,7.047000030395023,16.197632,2.5214798,16.102801470501063
image_097.png,murtylab_efficient_net_nsd_1000_ppa_20260410230414513Z.csv,efficient_net,ppa,1,13.783008215430687,-7.422272758634605,8.158184,-0.47352102,17.843151267170168
image_098.png,murtylab_efficient_net_nsd_1000_ppa_20260410230414513Z.csv,efficient_net,ppa,1,68.03753759097384,-2.898843857438778,18.465483,0.8122741,38.82601370770205
image_099.png,murtylab_efficient_net_nsd_1000_ppa_20260410230414513Z.csv,efficient_net,ppa,1,20.14366699049114,-4.700770186347791,9.607077,0.6957217,13.001219421426129
image_100.png,murtylab_efficient_net_nsd_1000_ppa_20260410230414513Z.csv,efficient_net,ppa,1,41.41136401603822,-2.3945973813943078,15.37201,1.1920906,11.564748918191075
image_101.png,murtylab_efficient_net_nsd_1000_ppa_20260410230414513Z.csv,efficient_net,ppa,0,-5.518143436707593,7.1092886930169135,-1.2479329,1.2691946,12.643084850892244
image_102.png,murtylab_efficient_net_nsd_1000_ppa_20260410230414513Z.csv,efficient_net,ppa,0,3.153239851984663,-8.807422362700486,4.6859303,-1.4659042,21.35630460073771
image_103.png,murtylab_efficient_net_nsd_1000_ppa_20260410230414513Z.csv,efficient_net,ppa,0,-41.723852209031335,-5.745797122376187,-15.600982,-2.2112718,27.0888538578562
image_104.png,murtylab_efficient_net_nsd_1000_ppa_20260410230414513Z.csv,efficient_net,ppa,0,-29.712267152289744,2.68733172686172,-12.119303,-2.7911868,14.952908769017808
image_105.png,murtylab_efficient_net_nsd_1000_ppa_20260410230414513Z.csv,efficient_net,ppa,0,-12.208143793247391,-1.5172028053172875,-6.195895,1.6188291,4.758812382451555
image_106.png,murtylab_efficient_net_nsd_1000_ppa_20260410230414513Z.csv,efficient_net,ppa,0,-28.28049740976008,-6.875614544473415,-12.591186,-0.11267112,15.132488725205437
image_107.png,murtylab_efficient_net_nsd_1000_ppa_20260410230414513Z.csv,efficient_net,ppa,0,-0.6710330099150514,2.3738213909002517,1.795518,0.42577258,15.508703102384633
image_108.png,murtylab_efficient_net_nsd_1000_ppa_20260410230414513Z.csv,efficient_net,ppa,0,-1.7625317034897154,-3.45443531449434,2.8729813,-1.3227371,15.168226536449623
image_109.png,murtylab_efficient_net_nsd_1000_ppa_20260410230414513Z.csv,efficient_net,ppa,0,-16.28647515268961,4.755562728430456,-6.078808,-0.58889055,5.241690634929468
image_110.png,murtylab_efficient_net_nsd_1000_ppa_20260410230414513Z.csv,efficient_net,ppa,0,-16.133659354389156,-0.2653528253535852,-7.062611,0.84931695,1.9003871185619057
image_111.png,murtylab_efficient_net_nsd_1000_ppa_20260410230414513Z.csv,efficient_net,ppa,0,-7.33701506077756,4.574407662335659,-1.8766433,0.82060224,10.300371437751368
image_112.png,murtylab_efficient_net_nsd_1000_ppa_20260410230414513Z.csv,efficient_net,ppa,0,-20.26202270943175,2.6752918813014714,-8.097469,-0.8835815,7.198742791703279
image_113.png,murtylab_efficient_net_nsd_1000_ppa_20260410230414513Z.csv,efficient_net,ppa,0,-7.79030609204458,1.532106459616835,-1.3308115,-0.7414914,10.180244262945367
image_114.png,murtylab_efficient_net_nsd_1000_ppa_20260410230414513Z.csv,efficient_net,ppa,0,-15.154472547491128,5.031974842934054,-5.5008235,-0.39486468,6.570690182038004
image_115.png,murtylab_efficient_net_nsd_1000_ppa_20260410230414513Z.csv,efficient_net,ppa,0,-21.32161275098032,8.46855846561972,-6.729582,-2.0513394,10.221005805620768
image_116.png,murtylab_efficient_net_nsd_1000_ppa_20260410230414513Z.csv,efficient_net,ppa,0,-25.21721497329287,-0.6250290494236227,-10.3947935,-0.9833696,10.219892111410822
image_117.png,murtylab_efficient_net_nsd_1000_ppa_20260410230414513Z.csv,efficient_net,ppa,0,-24.34991071122785,-5.425469533158705,-10.95865,-0.0043498026,11.114915894714711
image_118.png,murtylab_efficient_net_nsd_1000_ppa_20260410230414513Z.csv,efficient_net,ppa,0,-9.007351463212206,2.7470974385998232,-3.5665545,1.5328307,7.944363378590342
image_119.png,murtylab_efficient_net_nsd_1000_ppa_20260410230414513Z.csv,efficient_net,ppa,0,-4.2941909842095525,-3.885722116420264,1.9190139,-1.3141029,12.635411779646072
image_120.png,murtylab_efficient_net_nsd_1000_ppa_20260410230414513Z.csv,efficient_net,ppa,0,-27.777788885092345,-1.9560524441677065,-11.867366,-1.3725375,13.516763291827111
image_121.png,murtylab_efficient_net_nsd_1000_ppa_20260410230414513Z.csv,efficient_net,ppa,0,-32.92856289959462,-2.765881955988871,-13.329789,-1.7713478,17.96642442087182
image_122.png,murtylab_efficient_net_nsd_1000_ppa_20260410230414513Z.csv,efficient_net,ppa,0,-35.855619499284046,5.299125645783875,-13.476479,-3.6335495,21.00655807674102
image_123.png,murtylab_efficient_net_nsd_1000_ppa_20260410230414513Z.csv,efficient_net,ppa,0,-12.347361402948724,7.584277321337538,-4.291103,-0.2950382,8.683415194884288
image_124.png,murtylab_efficient_net_nsd_1000_ppa_20260410230414513Z.csv,efficient_net,ppa,0,-16.296565162600057,3.159357790512824,-6.3602777,-0.2689022,5.337287067388526
image_125.png,murtylab_efficient_net_nsd_1000_ppa_20260410230414513Z.csv,efficient_net,ppa,0,-33.259542953012065,2.50546928357695,-13.02971,-2.9814408,18.24907830330771
image_126.png,murtylab_efficient_net_nsd_1000_ppa_20260410230414513Z.csv,efficient_net,ppa,1,18.397109151430975,-14.877750481214907,9.583738,-1.3401479,18.892041691295677
image_127.png,murtylab_efficient_net_nsd_1000_ppa_20260410230414513Z.csv,efficient_net,ppa,0,4.403485431097821,-11.28026596276499,5.6492763,-1.628275,24.536773106316094
image_128.png,murtylab_efficient_net_nsd_1000_ppa_20260410230414513Z.csv,efficient_net,ppa,1,19.06199639673,-3.8838446576473484,9.242443,0.696543,12.396940223477914
image_129.png,murtylab_efficient_net_nsd_1000_ppa_20260410230414513Z.csv,efficient_net,ppa,1,41.39042394073648,1.5868548741385082,15.75682,2.0196974,13.468465218643859
image_130.png,murtylab_efficient_net_nsd_1000_ppa_20260410230414513Z.csv,efficient_net,ppa,1,22.520892946945633,-3.7327998870678343,10.332154,0.5434423,10.293228431096932
image_131.png,murtylab_efficient_net_nsd_1000_ppa_20260410230414513Z.csv,efficient_net,ppa,1,19.397658029024456,-6.035739293202479,9.58295,0.006088548,12.73275592469863
image_132.png,murtylab_efficient_net_nsd_1000_ppa_20260410230414513Z.csv,efficient_net,ppa,1,38.58801798736556,-6.8637568227215455,14.307077,1.0255007,10.119051102935117
image_133.png,murtylab_efficient_net_nsd_1000_ppa_20260410230414513Z.csv,efficient_net,ppa,1,52.62029705877582,-4.005399406684747,16.979258,0.5173356,23.111637834359907
image_134.png,murtylab_efficient_net_nsd_1000_ppa_20260410230414513Z.csv,efficient_net,ppa,1,32.136446838033926,-3.721173302670069,13.174187,1.292447,7.063695055127745
image_135.png,murtylab_efficient_net_nsd_1000_ppa_20260410230414513Z.csv,efficient_net,ppa,1,60.42340194349886,2.841403133861609,18.105644,1.3644319,30.809863067670427
image_136.png,murtylab_efficient_net_nsd_1000_ppa_20260410230414513Z.csv,efficient_net,ppa,1,40.47811827306869,-0.7332634604014495,15.447064,2.0962045,12.970382986576736
image_137.png,murtylab_efficient_net_nsd_1000_ppa_20260410230414513Z.csv,efficient_net,ppa,1,53.01219037339761,2.396017364883039,17.168207,1.469084,23.752812351240138
image_138.png,murtylab_efficient_net_nsd_1000_ppa_20260410230414513Z.csv,efficient_net,ppa,1,40.20866691555486,-3.52720079138515,14.92548,1.1327363,11.115953088621298
image_139.png,murtylab_efficient_net_nsd_1000_ppa_20260410230414513Z.csv,efficient_net,ppa,1,47.11230137449444,1.8048321705623263,16.211067,0.34991014,18.548485986222616
image_140.png,murtylab_efficient_net_nsd_1000_ppa_20260410230414513Z.csv,efficient_net,ppa,1,42.03979613806367,-7.4560140285672345,15.009418,0.37888443,14.227269346304473
image_141.png,murtylab_efficient_net_nsd_1000_ppa_20260410230414513Z.csv,efficient_net,ppa,1,43.65088841828469,-5.11470245508064,15.410421,0.6020379,14.46035568535749
image_142.png,murtylab_efficient_net_nsd_1000_ppa_20260410230414513Z.csv,efficient_net,ppa,1,51.46880394618632,-0.22797475229793956,16.895813,0.89646167,22.486278383193
image_143.png,murtylab_efficient_net_nsd_1000_ppa_20260410230414513Z.csv,efficient_net,ppa,1,40.46288523568171,-5.597461462797078,14.594149,0.34114608,12.581498579169317
image_144.png,murtylab_efficient_net_nsd_1000_ppa_20260410230414513Z.csv,efficient_net,ppa,1,30.87863614151986,-4.762827822715399,12.438206,0.6945747,5.80262193031047
image_145.png,murtylab_efficient_net_nsd_1000_ppa_20260410230414513Z.csv,efficient_net,ppa,1,14.234099752599244,-9.861865982928272,8.341373,-1.1200467,19.557432349366337
image_146.png,murtylab_efficient_net_nsd_1000_ppa_20260410230414513Z.csv,efficient_net,ppa,1,39.911322447544855,-2.801658814299037,14.977778,1.7860265,11.10652002518969
image_147.png,murtylab_efficient_net_nsd_1000_ppa_20260410230414513Z.csv,efficient_net,ppa,1,60.40330106233356,-2.106800323751197,17.865824,0.5723462,30.731443449649667
image_148.png,murtylab_efficient_net_nsd_1000_ppa_20260410230414513Z.csv,efficient_net,ppa,1,15.18432247623831,-11.172394031600343,8.86257,-0.7507029,18.79635090438069
image_149.png,murtylab_efficient_net_nsd_1000_ppa_20260410230414513Z.csv,efficient_net,ppa,1,8.492534420469907,-9.077835133087572,6.8880095,-1.2094545,23.766588787241815
image_150.png,murtylab_efficient_net_nsd_1000_ppa_20260410230414513Z.csv,efficient_net,ppa,1,21.31094110055356,-9.518965800620945,10.129344,-0.35296232,13.323266714420505
image_151.png,murtylab_efficient_net_nsd_1000_ppa_20260410230414513Z.csv,efficient_net,ppa,0,-21.221761128953624,10.84361064448255,-6.138284,-2.3531137,11.69235381209987
image_152.png,murtylab_efficient_net_nsd_1000_ppa_20260410230414513Z.csv,efficient_net,ppa,0,3.481637295816208,-9.944942936311145,4.8961234,-1.5394437,22.220698539285
image_153.png,murtylab_efficient_net_nsd_1000_ppa_20260410230414513Z.csv,efficient_net,ppa,0,5.258838821945468,6.195602785282365,3.513291,2.5281537,21.979729918670813
image_154.png,murtylab_efficient_net_nsd_1000_ppa_20260410230414513Z.csv,efficient_net,ppa,1,8.958981770481534,0.8061202759731732,5.166958,1.5861182,22.234582607175714
image_155.png,murtylab_efficient_net_nsd_1000_ppa_20260410230414513Z.csv,efficient_net,ppa,0,-8.292130721073026,7.1733386693942505,-2.0633655,1.4203726,10.65173319111533
image_156.png,murtylab_efficient_net_nsd_1000_ppa_20260410230414513Z.csv,efficient_net,ppa,1,13.654222633320131,1.1476928778609041,6.845175,1.9678224,17.33217571006763
image_157.png,murtylab_efficient_net_nsd_1000_ppa_20260410230414513Z.csv,efficient_net,ppa,0,-7.507041177170631,5.847098099176935,-2.0372603,1.2852625,10.06941236052251
image_158.png,murtylab_efficient_net_nsd_1000_ppa_20260410230414513Z.csv,efficient_net,ppa,0,-10.802321174745568,6.8984078636737,-3.319388,0.384357,8.41026003169009
image_159.png,murtylab_efficient_net_nsd_1000_ppa_20260410230414513Z.csv,efficient_net,ppa,1,24.69551395627033,-2.555230236808065,10.875132,1.2030586,7.02404405180291
image_160.png,murtylab_efficient_net_nsd_1000_ppa_20260410230414513Z.csv,efficient_net,ppa,0,-4.35735328326891,8.402473035214056,-0.5093054,2.0478752,14.3146747706953
image_161.png,murtylab_efficient_net_nsd_1000_ppa_20260410230414513Z.csv,efficient_net,ppa,0,-12.568698680095808,3.1095035420613115,-4.4953203,1.1453615,5.8223214111623705
image_162.png,murtylab_efficient_net_nsd_1000_ppa_20260410230414513Z.csv,efficient_net,ppa,1,24.47226327391904,6.694761704634625,8.869305,3.3111696,11.302170546587073
image_163.png,murtylab_efficient_net_nsd_1000_ppa_20260410230414513Z.csv,efficient_net,ppa,0,-3.6846945597381713,6.580662239768256,-0.009809252,1.6699301,14.017728801632604
image_164.png,murtylab_efficient_net_nsd_1000_ppa_20260410230414513Z.csv,efficient_net,ppa,0,6.138421521611696,7.249060378723661,4.04485,3.1108532,22.864859624168716
image_165.png,murtylab_efficient_net_nsd_1000_ppa_20260410230414513Z.csv,efficient_net,ppa,1,10.815199928714422,5.517905105110843,5.405683,2.659449,21.04099360692441
image_166.png,murtylab_efficient_net_nsd_1000_ppa_20260410230414513Z.csv,efficient_net,ppa,0,-0.1751372775295127,3.269326002642604,1.7219106,1.3159268,15.971411892106063
image_167.png,murtylab_efficient_net_nsd_1000_ppa_20260410230414513Z.csv,efficient_net,ppa,0,-19.546132663679955,12.491330550876464,-5.4895096,-2.3921144,13.122320879325727
image_168.png,murtylab_efficient_net_nsd_1000_ppa_20260410230414513Z.csv,efficient_net,ppa,0,-13.930625895297485,18.38538851812695,-4.0470076,-2.3347015,18.33486940184437
image_169.png,murtylab_efficient_net_nsd_1000_ppa_20260410230414513Z.csv,efficient_net,ppa,0,-11.650120049936827,-3.3246042660069572,-5.735354,2.5390964,8.091024147980995
image_170.png,murtylab_efficient_net_nsd_1000_ppa_20260410230414513Z.csv,efficient_net,ppa,0,-11.504219589839318,0.8104728160541604,-5.280524,1.3729496,6.582123605307257
image_171.png,murtylab_efficient_net_nsd_1000_ppa_20260410230414513Z.csv,efficient_net,ppa,0,7.075006414526245,2.4475210342748888,4.4719033,1.9361078,22.806014389619676
image_172.png,murtylab_efficient_net_nsd_1000_ppa_20260410230414513Z.csv,efficient_net,ppa,0,-2.9084379104271867,13.679760419780086,-0.45975378,3.2525604,18.61445155639634
image_173.png,murtylab_efficient_net_nsd_1000_ppa_20260410230414513Z.csv,efficient_net,ppa,1,17.871845857846658,6.096688542874123,7.6443515,3.2961442,15.038544380131905
image_174.png,murtylab_efficient_net_nsd_1000_ppa_20260410230414513Z.csv,efficient_net,ppa,0,2.1815237932617766,8.78619817075706,2.424849,3.5302532,20.03080317470778
image_175.png,murtylab_efficient_net_nsd_1000_ppa_20260410230414513Z.csv,efficient_net,ppa,0,-26.1343756991475,17.228170441368697,-5.83195,-3.1644108,20.406279604732262
image_176.png,murtylab_efficient_net_nsd_1000_ppa_20260410230414513Z.csv,efficient_net,ppa,0,-20.321181851906573,4.905573419788461,-7.191279,-1.4771088,6.728756383923046
image_177.png,murtylab_efficient_net_nsd_1000_ppa_20260410230414513Z.csv,efficient_net,ppa,0,-2.7639563715046025,12.472466706333787,-0.104112096,3.99791,18.157967288579375
image_178.png,murtylab_efficient_net_nsd_1000_ppa_20260410230414513Z.csv,efficient_net,ppa,1,15.758951577804353,5.280504047654418,7.2140446,3.0933805,16.807503451438855
image_179.png,murtylab_efficient_net_nsd_1000_ppa_20260410230414513Z.csv,efficient_net,ppa,0,0.7388850632982006,10.678161653183755,1.1152471,3.2587924,19.432697972824204
image_180.png,murtylab_efficient_net_nsd_1000_ppa_20260410230414513Z.csv,efficient_net,ppa,0,3.9609025669849256,2.8923430761936024,3.4762013,1.5194286,20.009950558709917
image_181.png,murtylab_efficient_net_nsd_1000_ppa_20260410230414513Z.csv,efficient_net,ppa,0,-13.451983033126735,13.800835929879518,-4.0868554,-1.8760976,13.936445549833795
image_182.png,murtylab_efficient_net_nsd_1000_ppa_20260410230414513Z.csv,efficient_net,ppa,0,6.203733666539602,1.3845881382687464,4.2963634,1.4270903,22.180155348716564
image_183.png,murtylab_efficient_net_nsd_1000_ppa_20260410230414513Z.csv,efficient_net,ppa,0,-5.86568755984573,15.173963468514646,-1.056781,3.515718,17.59403752767153
image_184.png,murtylab_efficient_net_nsd_1000_ppa_20260410230414513Z.csv,efficient_net,ppa,0,5.643825808787507,7.878129897100454,3.3707626,3.0237572,22.547300344875396
image_185.png,murtylab_efficient_net_nsd_1000_ppa_20260410230414513Z.csv,efficient_net,ppa,0,-3.8289345680877402,4.039821026564215,0.24325989,1.1480504,12.525340052408813
