image_name,source_file,model,roi,cluster_label,pca_x,pca_y,tsne_x,tsne_y,distance_to_centroid,distance_to_medoid
image_001.png,murtylab_efficient_net_nsd_1000_eba_20260410230352513Z.csv,efficient_net,eba,2,34.992238356532745,-3.543463934328194,-3.4469914,0.52751476,0.9905342528317387,0.9905342528317387
image_002.png,murtylab_efficient_net_nsd_1000_eba_20260410230352513Z.csv,efficient_net,eba,1,25.776687084894718,8.205278321531146,-5.81348,5.3139896,0.3094596524212939,0.3094596524212939
image_003.png,murtylab_efficient_net_nsd_1000_eba_20260410230352513Z.csv,efficient_net,eba,1,30.52935160624223,7.984114915443456,-3.0071473,3.1060565,0.46154014197227244,0.46154014197227244
image_004.png,murtylab_efficient_net_nsd_1000_eba_20260410230352513Z.csv,efficient_net,eba,2,39.718922301875025,-12.513175262528156,-4.952698,-0.3591963,0.6861997665011743,0.6861997665011743
image_005.png,murtylab_efficient_net_nsd_1000_eba_20260410230352513Z.csv,efficient_net,eba,2,57.83423684322226,-16.029416656299748,-4.4207244,0.15990078,0.7914779248579908,0.7914779248579908
image_006.png,murtylab_efficient_net_nsd_1000_eba_20260410230352513Z.csv,efficient_net,eba,2,37.580458914875756,-27.522496101410326,-6.519601,-1.3416877,0.5130885031769117,0.5130885031769117
image_007.png,murtylab_efficient_net_nsd_1000_eba_20260410230352513Z.csv,efficient_net,eba,1,20.250709537599143,-10.936803041198846,-7.9676943,2.5073216,0.3153868959528582,0.3153868959528582
image_008.png,murtylab_efficient_net_nsd_1000_eba_20260410230352513Z.csv,efficient_net,eba,1,61.944268649705975,11.780786438245112,-0.94398946,5.0924773,0.7968439161051064,0.7968439161051064
image_009.png,murtylab_efficient_net_nsd_1000_eba_20260410230352513Z.csv,efficient_net,eba,1,12.119420111737641,-24.172630803847024,-6.49523,0.8366921,0.2288172657506058,0.2288172657506058
image_010.png,murtylab_efficient_net_nsd_1000_eba_20260410230352513Z.csv,efficient_net,eba,2,34.47218250784178,-24.9824897519886,-5.6616373,-0.6145132,0.5429985894504887,0.5429985894504887
image_011.png,murtylab_efficient_net_nsd_1000_eba_20260410230352513Z.csv,efficient_net,eba,1,62.44088229840251,5.2835941284926555,-3.880389,3.0164294,0.29147922302240414,0.29147922302240414
image_012.png,murtylab_efficient_net_nsd_1000_eba_20260410230352513Z.csv,efficient_net,eba,1,70.97092152343153,7.898840771177261,-3.3563385,4.3680005,0.2693293831149588,0.2693293831149588
image_013.png,murtylab_efficient_net_nsd_1000_eba_20260410230352513Z.csv,efficient_net,eba,1,92.88734266437378,11.002708094241525,-2.5043728,4.704528,0.40327168946296166,0.40327168946296166
image_014.png,murtylab_efficient_net_nsd_1000_eba_20260410230352513Z.csv,efficient_net,eba,1,61.90689415197017,-4.726228143693653,-4.586026,2.4781227,0.2518859381975477,0.2518859381975477
image_015.png,murtylab_efficient_net_nsd_1000_eba_20260410230352513Z.csv,efficient_net,eba,2,62.906823112212564,-8.103508849490117,-4.2207303,0.48713365,0.8256044428383285,0.8256044428383285
image_016.png,murtylab_efficient_net_nsd_1000_eba_20260410230352513Z.csv,efficient_net,eba,1,26.27410635187662,-0.4200285066783903,-4.7100444,5.293762,0.473089434921935,0.473089434921935
image_017.png,murtylab_efficient_net_nsd_1000_eba_20260410230352513Z.csv,efficient_net,eba,1,42.40876040009647,-1.5776368738938178,-4.7586994,5.319572,0.5073981122713143,0.5073981122713143
image_018.png,murtylab_efficient_net_nsd_1000_eba_20260410230352513Z.csv,efficient_net,eba,1,67.89551200628725,6.522844335882909,-2.6838374,3.4404597,0.5246562045439129,0.5246562045439129
image_019.png,murtylab_efficient_net_nsd_1000_eba_20260410230352513Z.csv,efficient_net,eba,1,59.254219353940165,11.541750192661722,0.56416386,2.3290195,1.312827394960825,1.312827394960825
image_020.png,murtylab_efficient_net_nsd_1000_eba_20260410230352513Z.csv,efficient_net,eba,2,54.88757990162732,2.857444732738317,-0.41921398,1.1380066,1.1274172386055927,1.1274172386055927
image_021.png,murtylab_efficient_net_nsd_1000_eba_20260410230352513Z.csv,efficient_net,eba,2,11.392645758650183,-31.204592642065588,-5.3353148,-2.2535012,0.23360929944876696,0.23360929944876696
image_022.png,murtylab_efficient_net_nsd_1000_eba_20260410230352513Z.csv,efficient_net,eba,1,49.220996561822716,12.973969799349016,-1.7881265,5.5000896,0.7638642743901676,0.7638642743901676
image_023.png,murtylab_efficient_net_nsd_1000_eba_20260410230352513Z.csv,efficient_net,eba,1,12.489120140657837,-0.2527357227686705,-5.1289535,6.736785,0.9256046344211383,0.9256046344211383
image_024.png,murtylab_efficient_net_nsd_1000_eba_20260410230352513Z.csv,efficient_net,eba,1,59.52623664095452,-0.898281371457658,-5.157157,3.6126122,0.135771784107781,0.135771784107781
image_025.png,murtylab_efficient_net_nsd_1000_eba_20260410230352513Z.csv,efficient_net,eba,2,29.243765197481356,-33.009169532096074,-6.2264123,-1.4532125,0.41070040546443176,0.41070040546443176
image_026.png,murtylab_efficient_net_nsd_1000_eba_20260410230352513Z.csv,efficient_net,eba,1,27.029541101995378,-5.837542775334478,-7.8120565,3.4634314,0.20568381704068306,0.20568381704068306
image_027.png,murtylab_efficient_net_nsd_1000_eba_20260410230352513Z.csv,efficient_net,eba,1,20.792195256185895,-13.679552332518256,-6.8255405,1.64987,0.19629774387065468,0.19629774387065468
image_028.png,murtylab_efficient_net_nsd_1000_eba_20260410230352513Z.csv,efficient_net,eba,1,23.792696955334563,-11.212069424537741,-7.3234987,2.5234582,0.14967570101223804,0.14967570101223804
image_029.png,murtylab_efficient_net_nsd_1000_eba_20260410230352513Z.csv,efficient_net,eba,1,-1.8780236653560631,-5.612213184508033,-6.991703,3.6531048,0.08331309901452622,0.08331309901452622
image_030.png,murtylab_efficient_net_nsd_1000_eba_20260410230352513Z.csv,efficient_net,eba,1,19.040437063520773,-6.208313720873888,-6.545623,3.4385972,0.03223942406982272,0.03223942406982272
image_031.png,murtylab_efficient_net_nsd_1000_eba_20260410230352513Z.csv,efficient_net,eba,1,44.768950357483796,48.73510302400929,0.3336855,5.314969,0.8022504317326664,0.8022504317326664
image_032.png,murtylab_efficient_net_nsd_1000_eba_20260410230352513Z.csv,efficient_net,eba,1,80.0166078305432,2.0583301650113386,-5.424833,3.4192083,0.07575987735760936,0.07575987735760936
image_033.png,murtylab_efficient_net_nsd_1000_eba_20260410230352513Z.csv,efficient_net,eba,1,24.99016115272091,-9.353197064031747,-6.668074,2.7833445,0.06004802110980667,0.06004802110980667
image_034.png,murtylab_efficient_net_nsd_1000_eba_20260410230352513Z.csv,efficient_net,eba,1,1.2915476571442113,-12.759720715480364,-6.8070474,2.6470258,0.0846500837668287,0.0846500837668287
image_035.png,murtylab_efficient_net_nsd_1000_eba_20260410230352513Z.csv,efficient_net,eba,1,14.889245424309129,7.77427198245954,-7.1388245,4.6876283,0.18399568467269245,0.18399568467269245
image_036.png,murtylab_efficient_net_nsd_1000_eba_20260410230352513Z.csv,efficient_net,eba,1,4.432813990277088,-7.846116793804755,-7.4150524,3.586919,0.1062275954951295,0.1062275954951295
image_037.png,murtylab_efficient_net_nsd_1000_eba_20260410230352513Z.csv,efficient_net,eba,1,26.4258320833975,5.534573463487084,-7.2347193,5.0882454,0.2891283579410272,0.2891283579410272
image_038.png,murtylab_efficient_net_nsd_1000_eba_20260410230352513Z.csv,efficient_net,eba,1,11.030361690400845,1.9303592312651447,-9.725253,5.239511,0.9647374066522456,0.9647374066522456
image_039.png,murtylab_efficient_net_nsd_1000_eba_20260410230352513Z.csv,efficient_net,eba,1,5.462598209620748,-11.254732475196814,-9.591199,3.014981,0.6195989302479541,0.6195989302479541
image_040.png,murtylab_efficient_net_nsd_1000_eba_20260410230352513Z.csv,efficient_net,eba,1,3.7724873162711607,-11.66666871177282,-9.827963,4.5818653,0.7477367494190567,0.7477367494190567
image_041.png,murtylab_efficient_net_nsd_1000_eba_20260410230352513Z.csv,efficient_net,eba,2,-12.144356486642966,-22.90724650771159,-6.4781547,-2.567065,0.36705256291097577,0.36705256291097577
image_042.png,murtylab_efficient_net_nsd_1000_eba_20260410230352513Z.csv,efficient_net,eba,1,46.566867190056556,1.3916320277308196,-9.085521,5.1921897,0.4503083798274561,0.4503083798274561
image_043.png,murtylab_efficient_net_nsd_1000_eba_20260410230352513Z.csv,efficient_net,eba,1,7.910840903555558,2.857549409285732,-9.096103,5.246149,0.5505275792206372,0.5505275792206372
image_044.png,murtylab_efficient_net_nsd_1000_eba_20260410230352513Z.csv,efficient_net,eba,1,24.000131494844183,9.473079821434737,-6.4696255,4.3954864,0.13947761875726494,0.13947761875726494
image_045.png,murtylab_efficient_net_nsd_1000_eba_20260410230352513Z.csv,efficient_net,eba,1,24.021447967377625,3.764763725448897,-6.6938405,4.189291,0.09487508896849406,0.09487508896849406
image_046.png,murtylab_efficient_net_nsd_1000_eba_20260410230352513Z.csv,efficient_net,eba,1,3.2875325185707394,-7.085540766093402,-7.2044034,3.600924,0.0947024114161702,0.0947024114161702
image_047.png,murtylab_efficient_net_nsd_1000_eba_20260410230352513Z.csv,efficient_net,eba,1,24.861870356048655,16.7882405228111,-6.6717267,5.0927076,0.25124732532403027,0.25124732532403027
image_048.png,murtylab_efficient_net_nsd_1000_eba_20260410230352513Z.csv,efficient_net,eba,1,29.93782090855004,-1.6170590875383848,-8.902319,5.044527,0.4148061775340174,0.4148061775340174
image_049.png,murtylab_efficient_net_nsd_1000_eba_20260410230352513Z.csv,efficient_net,eba,1,10.6232491958464,1.2684006804281445,-7.245963,4.3873086,0.11817054883119305,0.11817054883119305
image_050.png,murtylab_efficient_net_nsd_1000_eba_20260410230352513Z.csv,efficient_net,eba,1,48.69877387195169,-4.448724989007244,-6.2362804,3.5399487,0.0,0.0
image_051.png,murtylab_efficient_net_nsd_1000_eba_20260410230352513Z.csv,efficient_net,eba,2,-15.443937848196331,-17.442237179144637,-2.0310423,-5.6669436,0.0970263620957924,0.0970263620957924
image_052.png,murtylab_efficient_net_nsd_1000_eba_20260410230352513Z.csv,efficient_net,eba,2,-53.352108330526,-13.874878158758106,-3.328894,-7.5856266,0.4124217508571144,0.4124217508571144
image_053.png,murtylab_efficient_net_nsd_1000_eba_20260410230352513Z.csv,efficient_net,eba,2,-55.00496857824958,-13.065335168864783,-4.7539754,-6.224039,0.5068682468356861,0.5068682468356861
image_054.png,murtylab_efficient_net_nsd_1000_eba_20260410230352513Z.csv,efficient_net,eba,2,-45.672966497485916,-17.20324072019154,-3.770447,-6.277589,0.17268926860847145,0.17268926860847145
image_055.png,murtylab_efficient_net_nsd_1000_eba_20260410230352513Z.csv,efficient_net,eba,2,-15.934550429317245,-18.92552784467156,-2.3382773,-5.404992,0.17782241897564866,0.17782241897564866
image_056.png,murtylab_efficient_net_nsd_1000_eba_20260410230352513Z.csv,efficient_net,eba,2,-12.792139158651217,-17.140595293918324,-1.1307782,-6.706776,0.15066656633190134,0.15066656633190134
image_057.png,murtylab_efficient_net_nsd_1000_eba_20260410230352513Z.csv,efficient_net,eba,2,-18.106497156612257,-6.769702292918475,-8.387556,1.1802849,0.9165066172709527,0.9165066172709527
image_058.png,murtylab_efficient_net_nsd_1000_eba_20260410230352513Z.csv,efficient_net,eba,0,-12.910241176014365,10.048697756455798,6.280576,-1.877226,0.6158038984407239,0.6158038984407239
image_059.png,murtylab_efficient_net_nsd_1000_eba_20260410230352513Z.csv,efficient_net,eba,2,-14.232450284532858,-16.936525706099243,-2.847029,-5.301377,0.15501675483482125,0.15501675483482125
image_060.png,murtylab_efficient_net_nsd_1000_eba_20260410230352513Z.csv,efficient_net,eba,2,-16.41673604189301,-22.466178139076224,-3.095654,-5.663113,0.12470248352019986,0.12470248352019986
image_061.png,murtylab_efficient_net_nsd_1000_eba_20260410230352513Z.csv,efficient_net,eba,0,-7.589586870455263,5.20884888400219,5.848479,4.6190467,0.5308733752926359,0.5308733752926359
image_062.png,murtylab_efficient_net_nsd_1000_eba_20260410230352513Z.csv,efficient_net,eba,2,-24.165158246393165,-31.04140038645845,-2.400451,-5.993957,0.0,0.0
image_063.png,murtylab_efficient_net_nsd_1000_eba_20260410230352513Z.csv,efficient_net,eba,2,-39.29162936805679,-19.089288261729887,-2.0487385,-4.935209,0.2644527032509747,0.2644527032509747
image_064.png,murtylab_efficient_net_nsd_1000_eba_20260410230352513Z.csv,efficient_net,eba,2,8.153251515654372,-8.915441686107322,-0.33214995,-4.8834376,0.2830627142678458,0.2830627142678458
image_065.png,murtylab_efficient_net_nsd_1000_eba_20260410230352513Z.csv,efficient_net,eba,0,-13.953922529624894,1.5121925182053795,3.1559496,-3.3875258,0.57626343906594,0.57626343906594
image_066.png,murtylab_efficient_net_nsd_1000_eba_20260410230352513Z.csv,efficient_net,eba,0,-50.05709638150487,9.790876971470885,8.602103,-1.6933254,0.5597263039640799,0.5597263039640799
image_067.png,murtylab_efficient_net_nsd_1000_eba_20260410230352513Z.csv,efficient_net,eba,2,-46.539034997930024,-19.881155552014484,-1.7434171,-6.495144,0.19246816788594612,0.19246816788594612
image_068.png,murtylab_efficient_net_nsd_1000_eba_20260410230352513Z.csv,efficient_net,eba,0,-45.865520986519954,0.8888466311619693,8.58247,-2.4906435,0.8100094875551926,0.8100094875551926
image_069.png,murtylab_efficient_net_nsd_1000_eba_20260410230352513Z.csv,efficient_net,eba,2,-15.519521443389323,-10.495721946405586,-0.8454809,-4.8694353,0.3676958310049162,0.3676958310049162
image_070.png,murtylab_efficient_net_nsd_1000_eba_20260410230352513Z.csv,efficient_net,eba,1,47.21329069249116,17.775711950550164,1.4181986,2.9160705,1.2672725673794727,1.2672725673794727
image_071.png,murtylab_efficient_net_nsd_1000_eba_20260410230352513Z.csv,efficient_net,eba,2,-33.557913361313744,-5.780690816234601,-1.0024868,-1.9934592,0.8267211065917005,0.8267211065917005
image_072.png,murtylab_efficient_net_nsd_1000_eba_20260410230352513Z.csv,efficient_net,eba,0,-23.319212310669503,6.311967379849032,3.3496847,-2.4417315,0.35367388130503874,0.35367388130503874
image_073.png,murtylab_efficient_net_nsd_1000_eba_20260410230352513Z.csv,efficient_net,eba,0,-16.77949704159207,-3.805491949656188,6.035324,-3.8725104,1.1688877230484318,1.1688877230484318
image_074.png,murtylab_efficient_net_nsd_1000_eba_20260410230352513Z.csv,efficient_net,eba,0,6.516079988575093,14.971504262085874,3.4325955,-0.27788308,0.3636103247132788,0.3636103247132788
image_075.png,murtylab_efficient_net_nsd_1000_eba_20260410230352513Z.csv,efficient_net,eba,0,-42.18575392886308,3.5567117203806,6.3535714,-2.9614754,0.9219047679064094,0.9219047679064094
image_076.png,murtylab_efficient_net_nsd_1000_eba_20260410230352513Z.csv,efficient_net,eba,0,-32.41813457634787,14.198789221191284,4.7613716,2.8219438,0.17107680732877828,0.17107680732877828
image_077.png,murtylab_efficient_net_nsd_1000_eba_20260410230352513Z.csv,efficient_net,eba,0,1.4632485077872166,27.68961622148503,6.4424086,2.428227,0.1263053116238141,0.1263053116238141
image_078.png,murtylab_efficient_net_nsd_1000_eba_20260410230352513Z.csv,efficient_net,eba,0,-27.807907060980227,21.672362977614505,5.306853,2.5562565,0.11809914560353318,0.11809914560353318
image_079.png,murtylab_efficient_net_nsd_1000_eba_20260410230352513Z.csv,efficient_net,eba,0,-36.38479379202086,15.26078129150323,4.7912307,1.8914194,0.13935641457106052,0.13935641457106052
image_080.png,murtylab_efficient_net_nsd_1000_eba_20260410230352513Z.csv,efficient_net,eba,0,-26.241598058139076,28.479355522620995,5.818038,2.0517743,0.08749885127508028,0.08749885127508028
image_081.png,murtylab_efficient_net_nsd_1000_eba_20260410230352513Z.csv,efficient_net,eba,2,-46.946377750760014,-7.285528482424501,0.3201086,-6.26909,0.27404184718511826,0.27404184718511826
image_082.png,murtylab_efficient_net_nsd_1000_eba_20260410230352513Z.csv,efficient_net,eba,0,-16.95052547908846,25.910306512817975,5.949255,2.374874,0.10246001393945303,0.10246001393945303
image_083.png,murtylab_efficient_net_nsd_1000_eba_20260410230352513Z.csv,efficient_net,eba,0,-42.776360339649095,27.216275394640316,7.770728,1.290607,0.20529967818837624,0.20529967818837624
image_084.png,murtylab_efficient_net_nsd_1000_eba_20260410230352513Z.csv,efficient_net,eba,2,-64.26762903598436,-1.679262523415693,7.7852707,-4.227454,0.9960924725995672,0.9960924725995672
image_085.png,murtylab_efficient_net_nsd_1000_eba_20260410230352513Z.csv,efficient_net,eba,0,-46.157437104020836,15.447083982948678,5.041254,2.2556741,0.14745539684289088,0.14745539684289088
image_086.png,murtylab_efficient_net_nsd_1000_eba_20260410230352513Z.csv,efficient_net,eba,2,-63.15530498052356,-13.23293443617925,-3.9281983,-7.454065,0.4689756440559809,0.4689756440559809
image_087.png,murtylab_efficient_net_nsd_1000_eba_20260410230352513Z.csv,efficient_net,eba,0,-40.056724855083694,8.129305592988079,9.044014,1.3750354,0.5028642682750084,0.5028642682750084
image_088.png,murtylab_efficient_net_nsd_1000_eba_20260410230352513Z.csv,efficient_net,eba,0,1.0054563780156587,0.343509753782875,1.8063827,-1.4239101,0.5850470224253816,0.5850470224253816
image_089.png,murtylab_efficient_net_nsd_1000_eba_20260410230352513Z.csv,efficient_net,eba,0,-60.22455665266745,23.450570465558723,7.3723145,1.8853403,0.18493519817888016,0.18493519817888016
image_090.png,murtylab_efficient_net_nsd_1000_eba_20260410230352513Z.csv,efficient_net,eba,0,-25.809354351096665,26.95062929279234,7.155602,1.6391273,0.15758951751082695,0.15758951751082695
image_091.png,murtylab_efficient_net_nsd_1000_eba_20260410230352513Z.csv,efficient_net,eba,0,-31.45948624775762,18.744727219054283,7.07953,-0.0052777585,0.12122809615207131,0.12122809615207131
image_092.png,murtylab_efficient_net_nsd_1000_eba_20260410230352513Z.csv,efficient_net,eba,0,18.563719578435112,35.32061756536422,5.3690586,3.1929471,0.17563067175223135,0.17563067175223135
image_093.png,murtylab_efficient_net_nsd_1000_eba_20260410230352513Z.csv,efficient_net,eba,0,-26.755399980677392,28.615713203629248,7.6674376,-0.71316916,0.36425393564610475,0.36425393564610475
image_094.png,murtylab_efficient_net_nsd_1000_eba_20260410230352513Z.csv,efficient_net,eba,0,-45.06956016172565,25.96592910395135,7.330559,-0.451157,0.25724118232096527,0.25724118232096527
image_095.png,murtylab_efficient_net_nsd_1000_eba_20260410230352513Z.csv,efficient_net,eba,0,-28.315860561647465,14.373597628442823,6.961892,-0.97002095,0.26406190676276875,0.26406190676276875
image_096.png,murtylab_efficient_net_nsd_1000_eba_20260410230352513Z.csv,efficient_net,eba,0,-39.03257977053324,1.4398019572895842,7.5554104,-2.6477017,0.7358618875164943,0.7358618875164943
image_097.png,murtylab_efficient_net_nsd_1000_eba_20260410230352513Z.csv,efficient_net,eba,0,-26.58441150948251,2.763980075104044,2.0758555,-0.9817455,0.4440939128264203,0.4440939128264203
image_098.png,murtylab_efficient_net_nsd_1000_eba_20260410230352513Z.csv,efficient_net,eba,0,-64.942610697021,9.051985222552831,7.9928966,-1.842993,0.36401777981277517,0.36401777981277517
image_099.png,murtylab_efficient_net_nsd_1000_eba_20260410230352513Z.csv,efficient_net,eba,0,-39.13758644468703,22.07239200960652,5.1945796,3.6178293,0.29662787375588473,0.29662787375588473
image_100.png,murtylab_efficient_net_nsd_1000_eba_20260410230352513Z.csv,efficient_net,eba,0,-16.492042679374904,11.4434125599982,6.142779,0.59509647,0.12543167943650602,0.12543167943650602
image_101.png,murtylab_efficient_net_nsd_1000_eba_20260410230352513Z.csv,efficient_net,eba,2,10.340314158825306,-22.376868925324175,-2.2984166,-4.0956573,0.20381800899760172,0.20381800899760172
image_102.png,murtylab_efficient_net_nsd_1000_eba_20260410230352513Z.csv,efficient_net,eba,1,58.11840348760109,19.55994216580628,-0.9967785,3.8712134,0.7888524580013603,0.7888524580013603
image_103.png,murtylab_efficient_net_nsd_1000_eba_20260410230352513Z.csv,efficient_net,eba,1,35.509126779201786,-4.9420168318408795,-5.0064855,4.50662,0.3119594588978324,0.3119594588978324
image_104.png,murtylab_efficient_net_nsd_1000_eba_20260410230352513Z.csv,efficient_net,eba,1,63.96419046399276,10.41952727118671,-2.4249735,5.2221212,0.4736637658441425,0.4736637658441425
image_105.png,murtylab_efficient_net_nsd_1000_eba_20260410230352513Z.csv,efficient_net,eba,1,73.39522452148387,21.98573387736404,-0.39972797,4.7563467,0.9991848527531725,0.9991848527531725
image_106.png,murtylab_efficient_net_nsd_1000_eba_20260410230352513Z.csv,efficient_net,eba,2,24.76027445911009,-29.441110334219704,-6.2548795,-0.7048745,0.539865529246504,0.539865529246504
image_107.png,murtylab_efficient_net_nsd_1000_eba_20260410230352513Z.csv,efficient_net,eba,1,53.05081064949057,-1.7429740406577063,-3.4948747,1.1938707,0.8272367189435802,0.8272367189435802
image_108.png,murtylab_efficient_net_nsd_1000_eba_20260410230352513Z.csv,efficient_net,eba,1,46.75176863919777,2.4758406841473763,-3.3479044,2.2598112,0.5662860406222703,0.5662860406222703
image_109.png,murtylab_efficient_net_nsd_1000_eba_20260410230352513Z.csv,efficient_net,eba,2,33.945709460418755,-12.585857482111946,-4.837751,0.57259077,0.8923869902814657,0.8923869902814657
image_110.png,murtylab_efficient_net_nsd_1000_eba_20260410230352513Z.csv,efficient_net,eba,1,116.66520762620051,28.280217864432604,-1.323524,4.641974,0.6101114301521948,0.6101114301521948
image_111.png,murtylab_efficient_net_nsd_1000_eba_20260410230352513Z.csv,efficient_net,eba,2,22.422770328538828,-15.439452694164677,-5.0912614,-0.6867394,0.5566439046693779,0.5566439046693779
image_112.png,murtylab_efficient_net_nsd_1000_eba_20260410230352513Z.csv,efficient_net,eba,2,-18.032228591667554,-44.0598728739392,-6.042881,-2.3227878,0.2708289960253393,0.2708289960253393
image_113.png,murtylab_efficient_net_nsd_1000_eba_20260410230352513Z.csv,efficient_net,eba,1,38.038209506168315,-10.522396937298774,-7.5247493,0.77681035,0.40730519198244586,0.40730519198244586
image_114.png,murtylab_efficient_net_nsd_1000_eba_20260410230352513Z.csv,efficient_net,eba,2,5.81719653349723,-18.395603335398864,-6.831631,-0.39254993,0.6984473291269753,0.6984473291269753
image_115.png,murtylab_efficient_net_nsd_1000_eba_20260410230352513Z.csv,efficient_net,eba,2,37.14646781625221,-22.268223843981744,-5.882158,-0.91489697,0.5120075609220711,0.5120075609220711
image_116.png,murtylab_efficient_net_nsd_1000_eba_20260410230352513Z.csv,efficient_net,eba,1,48.96796117120074,-3.4390554137584384,-4.631184,1.6340021,0.4394114684971979,0.4394114684971979
image_117.png,murtylab_efficient_net_nsd_1000_eba_20260410230352513Z.csv,efficient_net,eba,2,67.15502699223585,-4.393018503351533,-2.3898473,-0.003800412,0.9226885405222442,0.9226885405222442
image_118.png,murtylab_efficient_net_nsd_1000_eba_20260410230352513Z.csv,efficient_net,eba,1,86.2974239226264,15.413203894491932,-1.6167517,4.509119,0.6629069742240727,0.6629069742240727
image_119.png,murtylab_efficient_net_nsd_1000_eba_20260410230352513Z.csv,efficient_net,eba,1,66.76720308588628,16.80455826777588,-0.35906276,3.732301,0.9593352503861579,0.9593352503861579
image_120.png,murtylab_efficient_net_nsd_1000_eba_20260410230352513Z.csv,efficient_net,eba,2,4.217444964585575,-21.007616752233716,-6.814325,-0.9313254,0.6671374108301202,0.6671374108301202
image_121.png,murtylab_efficient_net_nsd_1000_eba_20260410230352513Z.csv,efficient_net,eba,1,-2.7465017127077727,-12.567327908063257,-6.3394475,2.6133213,0.11950081231438403,0.11950081231438403
image_122.png,murtylab_efficient_net_nsd_1000_eba_20260410230352513Z.csv,efficient_net,eba,2,39.827064695289515,-14.93915349954954,-3.6916873,-2.6271935,0.39597480105048466,0.39597480105048466
image_123.png,murtylab_efficient_net_nsd_1000_eba_20260410230352513Z.csv,efficient_net,eba,2,32.27609314545312,-21.076601531355937,-5.11372,-1.7138828,0.3768689453040953,0.3768689453040953
image_124.png,murtylab_efficient_net_nsd_1000_eba_20260410230352513Z.csv,efficient_net,eba,2,25.89322248372545,-13.915989668449166,-3.145175,-2.4519444,0.512209024702808,0.512209024702808
image_125.png,murtylab_efficient_net_nsd_1000_eba_20260410230352513Z.csv,efficient_net,eba,2,33.20945095855885,-18.550227408132606,-6.9682264,0.22158629,0.7605227496067625,0.7605227496067625
image_126.png,murtylab_efficient_net_nsd_1000_eba_20260410230352513Z.csv,efficient_net,eba,0,0.4389969290088183,22.57774649178958,5.188175,2.574803,0.0933764495328877,0.0933764495328877
image_127.png,murtylab_efficient_net_nsd_1000_eba_20260410230352513Z.csv,efficient_net,eba,0,-23.65267358040658,17.073321750363817,6.1934714,3.439437,0.25878566773566947,0.25878566773566947
image_128.png,murtylab_efficient_net_nsd_1000_eba_20260410230352513Z.csv,efficient_net,eba,0,-43.27609771637916,10.728031375780294,5.0149393,1.6273861,0.13200132334491443,0.13200132334491443
image_129.png,murtylab_efficient_net_nsd_1000_eba_20260410230352513Z.csv,efficient_net,eba,0,-40.78802274851857,20.19993641498374,7.2203074,-1.2241726,0.3739926335461219,0.3739926335461219
image_130.png,murtylab_efficient_net_nsd_1000_eba_20260410230352513Z.csv,efficient_net,eba,0,-34.97621114805499,10.297485744260518,4.2383623,1.7567903,0.17874618671403486,0.17874618671403486
image_131.png,murtylab_efficient_net_nsd_1000_eba_20260410230352513Z.csv,efficient_net,eba,0,-10.521931419859728,23.849687797572503,7.012971,2.2740192,0.22987283841271544,0.22987283841271544
image_132.png,murtylab_efficient_net_nsd_1000_eba_20260410230352513Z.csv,efficient_net,eba,0,-27.454000925483143,30.49641471231224,7.538654,1.6517942,0.24590127827912456,0.24590127827912456
image_133.png,murtylab_efficient_net_nsd_1000_eba_20260410230352513Z.csv,efficient_net,eba,0,-18.901052188109873,18.056918102508718,5.7695932,1.3353713,0.0,0.0
image_134.png,murtylab_efficient_net_nsd_1000_eba_20260410230352513Z.csv,efficient_net,eba,0,-37.71606148645387,9.546186910659342,8.931348,2.7319582,0.5848378486776931,0.5848378486776931
image_135.png,murtylab_efficient_net_nsd_1000_eba_20260410230352513Z.csv,efficient_net,eba,0,-50.73596578823359,1.2394171329332127,8.1395235,-2.5762827,0.5281758694090832,0.5281758694090832
image_136.png,murtylab_efficient_net_nsd_1000_eba_20260410230352513Z.csv,efficient_net,eba,0,0.3973288341790807,25.20345211329902,8.197866,-0.39430353,0.4529032434228236,0.4529032434228236
image_137.png,murtylab_efficient_net_nsd_1000_eba_20260410230352513Z.csv,efficient_net,eba,0,-45.28298797167501,10.1742781227554,7.7988358,-1.9265767,0.5021451541964299,0.5021451541964299
image_138.png,murtylab_efficient_net_nsd_1000_eba_20260410230352513Z.csv,efficient_net,eba,0,-8.849373272275344,50.581934907476345,7.6670613,2.5858743,0.332980663027479,0.332980663027479
image_139.png,murtylab_efficient_net_nsd_1000_eba_20260410230352513Z.csv,efficient_net,eba,2,-29.801892594546416,-5.17491943451827,0.88253385,-5.9158792,0.3859140781291188,0.3859140781291188
image_140.png,murtylab_efficient_net_nsd_1000_eba_20260410230352513Z.csv,efficient_net,eba,0,-34.61524020922517,17.50155406423492,8.504466,2.0649714,0.3874302465175474,0.3874302465175474
image_141.png,murtylab_efficient_net_nsd_1000_eba_20260410230352513Z.csv,efficient_net,eba,0,-46.49443541714846,8.585402697218319,8.599643,1.03037,0.40064266008607186,0.40064266008607186
image_142.png,murtylab_efficient_net_nsd_1000_eba_20260410230352513Z.csv,efficient_net,eba,0,-15.888839794798363,14.027546077636687,6.146047,-0.012791504,0.18841210478137438,0.18841210478137438
image_143.png,murtylab_efficient_net_nsd_1000_eba_20260410230352513Z.csv,efficient_net,eba,0,-55.465674802476094,17.199618477929864,8.12152,2.1278408,0.2943207604357093,0.2943207604357093
image_144.png,murtylab_efficient_net_nsd_1000_eba_20260410230352513Z.csv,efficient_net,eba,0,-17.243106237300857,19.656527109854967,5.058299,1.7032796,0.08080814194614327,0.08080814194614327
image_145.png,murtylab_efficient_net_nsd_1000_eba_20260410230352513Z.csv,efficient_net,eba,0,-25.886908734761413,13.210672951642215,4.3563333,2.353531,0.2054005586499712,0.2054005586499712
image_146.png,murtylab_efficient_net_nsd_1000_eba_20260410230352513Z.csv,efficient_net,eba,0,-35.14915330275544,18.234126093806612,5.7148256,1.0443612,0.06789160011697559,0.06789160011697559
image_147.png,murtylab_efficient_net_nsd_1000_eba_20260410230352513Z.csv,efficient_net,eba,0,-54.90695444590212,7.887967079195471,8.26,-1.4667772,0.3070004097204033,0.3070004097204033
image_148.png,murtylab_efficient_net_nsd_1000_eba_20260410230352513Z.csv,efficient_net,eba,0,-22.814193403613963,26.716534477548848,6.889047,3.0758553,0.24020607389298454,0.24020607389298454
image_149.png,murtylab_efficient_net_nsd_1000_eba_20260410230352513Z.csv,efficient_net,eba,0,-40.25682452007455,19.458378849442333,6.3148265,2.5446548,0.15377971290446668,0.15377971290446668
image_150.png,murtylab_efficient_net_nsd_1000_eba_20260410230352513Z.csv,efficient_net,eba,0,-34.88543405279915,19.599385289678636,6.1667147,2.963338,0.18602342664603555,0.18602342664603555
image_151.png,murtylab_efficient_net_nsd_1000_eba_20260410230352513Z.csv,efficient_net,eba,2,17.89322061893815,-20.86139904965083,-4.943139,-2.4724936,0.2557340817960748,0.2557340817960748
image_152.png,murtylab_efficient_net_nsd_1000_eba_20260410230352513Z.csv,efficient_net,eba,0,-6.580680799483089,18.994534754976247,6.223846,1.7034456,0.14587919348014655,0.14587919348014655
image_153.png,murtylab_efficient_net_nsd_1000_eba_20260410230352513Z.csv,efficient_net,eba,2,-34.33225514343392,-3.6345664142667324,-1.4264544,-2.0853724,0.8748503565185968,0.8748503565185968
image_154.png,murtylab_efficient_net_nsd_1000_eba_20260410230352513Z.csv,efficient_net,eba,2,-13.792774051541066,-13.602949470731776,-1.0522547,-6.3804674,0.18586181145472325,0.18586181145472325
image_155.png,murtylab_efficient_net_nsd_1000_eba_20260410230352513Z.csv,efficient_net,eba,2,-40.13500432197791,-12.060349200838118,-0.5362603,-6.8198867,0.1623792000067108,0.1623792000067108
image_156.png,murtylab_efficient_net_nsd_1000_eba_20260410230352513Z.csv,efficient_net,eba,0,-20.042528243767848,3.131014520853434,2.8405492,-2.1920133,0.46691898950416333,0.46691898950416333
image_157.png,murtylab_efficient_net_nsd_1000_eba_20260410230352513Z.csv,efficient_net,eba,2,-17.530257658735128,-12.78400238365106,-3.8238614,-5.1787305,0.3038090298650238,0.3038090298650238
image_158.png,murtylab_efficient_net_nsd_1000_eba_20260410230352513Z.csv,efficient_net,eba,2,-36.93434853889515,-18.802820574616003,-1.1364188,-5.5226674,0.2042914727371502,0.2042914727371502
image_159.png,murtylab_efficient_net_nsd_1000_eba_20260410230352513Z.csv,efficient_net,eba,0,5.881122685299781,12.558676952371256,4.1176066,-1.8037083,0.40611435660098294,0.40611435660098294
image_160.png,murtylab_efficient_net_nsd_1000_eba_20260410230352513Z.csv,efficient_net,eba,2,-35.7655908431543,-19.94612913894296,-3.5133808,-4.6225324,0.2417487398505409,0.2417487398505409
image_161.png,murtylab_efficient_net_nsd_1000_eba_20260410230352513Z.csv,efficient_net,eba,2,-9.337514370202648,-16.20056670600175,-1.7491852,-4.528119,0.23912296474859207,0.23912296474859207
image_162.png,murtylab_efficient_net_nsd_1000_eba_20260410230352513Z.csv,efficient_net,eba,2,-50.15290010822342,-7.187664700204043,0.5174651,-6.0289335,0.31680732984782034,0.31680732984782034
image_163.png,murtylab_efficient_net_nsd_1000_eba_20260410230352513Z.csv,efficient_net,eba,0,2.70164922358065,2.872539593861493,2.5779662,-1.8463292,0.5722722580255386,0.5722722580255386
image_164.png,murtylab_efficient_net_nsd_1000_eba_20260410230352513Z.csv,efficient_net,eba,2,-23.043495930493933,-14.931160731220627,-1.1513723,-5.8834386,0.15228948728798652,0.15228948728798652
image_165.png,murtylab_efficient_net_nsd_1000_eba_20260410230352513Z.csv,efficient_net,eba,0,3.4692105521054684,9.777423678571477,8.980635,-0.42045924,0.6159125121434638,0.6159125121434638
image_166.png,murtylab_efficient_net_nsd_1000_eba_20260410230352513Z.csv,efficient_net,eba,0,20.121888748478455,12.647608773982945,3.31798,-1.5361493,0.4739815724479889,0.4739815724479889
image_167.png,murtylab_efficient_net_nsd_1000_eba_20260410230352513Z.csv,efficient_net,eba,2,-30.50198341396094,-25.04307547237005,-2.5659244,-6.632608,0.15219851215331692,0.15219851215331692
image_168.png,murtylab_efficient_net_nsd_1000_eba_20260410230352513Z.csv,efficient_net,eba,2,-43.80264666151139,-27.655427435964913,-3.470737,-6.297874,0.15721935682257615,0.15721935682257615
image_169.png,murtylab_efficient_net_nsd_1000_eba_20260410230352513Z.csv,efficient_net,eba,2,-7.588629604035962,-3.474393952724746,-1.7440925,-0.13698547,0.9733661088454281,0.9733661088454281
image_170.png,murtylab_efficient_net_nsd_1000_eba_20260410230352513Z.csv,efficient_net,eba,2,-34.699128627929255,-10.854921951728413,-1.2514329,-4.39217,0.44452111806446526,0.44452111806446526
image_171.png,murtylab_efficient_net_nsd_1000_eba_20260410230352513Z.csv,efficient_net,eba,2,-40.150983497854995,-6.489973673690108,-0.5179238,-3.718135,0.6342857200241836,0.6342857200241836
image_172.png,murtylab_efficient_net_nsd_1000_eba_20260410230352513Z.csv,efficient_net,eba,0,-27.66933570916327,-3.548851372909727,2.7263854,-4.8299937,0.9843882545015431,0.9843882545015431
image_173.png,murtylab_efficient_net_nsd_1000_eba_20260410230352513Z.csv,efficient_net,eba,0,13.717380819585069,6.138274047072378,3.4347131,-2.8099813,0.5115597629561401,0.5115597629561401
image_174.png,murtylab_efficient_net_nsd_1000_eba_20260410230352513Z.csv,efficient_net,eba,2,-1.1129300253356054,-10.459225869355725,-6.0936627,-3.740044,0.3789083548062967,0.3789083548062967
image_175.png,murtylab_efficient_net_nsd_1000_eba_20260410230352513Z.csv,efficient_net,eba,2,-42.93968660523364,-31.0229305602707,-1.8812742,-7.023369,0.2028857253283266,0.2028857253283266
image_176.png,murtylab_efficient_net_nsd_1000_eba_20260410230352513Z.csv,efficient_net,eba,2,20.86554685409654,-21.82940790119545,-4.4826083,-0.7701526,0.5486263544542203,0.5486263544542203
image_177.png,murtylab_efficient_net_nsd_1000_eba_20260410230352513Z.csv,efficient_net,eba,2,49.836351930008696,-3.7450215054747913,-2.567248,-1.4483714,0.5916120122663255,0.5916120122663255
image_178.png,murtylab_efficient_net_nsd_1000_eba_20260410230352513Z.csv,efficient_net,eba,2,-33.78741423653927,-13.135451025543532,-2.9682384,-6.919647,0.22685077063728187,0.22685077063728187
image_179.png,murtylab_efficient_net_nsd_1000_eba_20260410230352513Z.csv,efficient_net,eba,2,-14.918141348801973,-20.132418308880666,-1.6673468,-5.9343247,0.13503408986295906,0.13503408986295906
image_180.png,murtylab_efficient_net_nsd_1000_eba_20260410230352513Z.csv,efficient_net,eba,1,12.375449114661167,-2.003196153246316,-8.460082,3.5357573,0.5028153063945586,0.5028153063945586
image_181.png,murtylab_efficient_net_nsd_1000_eba_20260410230352513Z.csv,efficient_net,eba,2,-24.365537152371243,-26.068013546127442,-1.8327895,-7.054491,0.16478084371524349,0.16478084371524349
image_182.png,murtylab_efficient_net_nsd_1000_eba_20260410230352513Z.csv,efficient_net,eba,2,-42.68358245935864,-11.37626021110324,-0.23053151,-6.1085587,0.16688347318523689,0.16688347318523689
image_183.png,murtylab_efficient_net_nsd_1000_eba_20260410230352513Z.csv,efficient_net,eba,2,-17.186764252558064,-13.51194764094287,-1.0182285,-6.9882264,0.30577664231375024,0.30577664231375024
image_184.png,murtylab_efficient_net_nsd_1000_eba_20260410230352513Z.csv,efficient_net,eba,2,-19.199504992434356,-13.902172283354428,-2.6408675,-4.0898156,0.26023667060708444,0.26023667060708444
image_185.png,murtylab_efficient_net_nsd_1000_eba_20260410230352513Z.csv,efficient_net,eba,0,22.57639857652424,2.1197192157689217,2.7327666,-2.4993603,0.6794239387490193,0.6794239387490193
